-- MySQL dump 10.13  Distrib 9.7.0, for Win64 (x86_64)
--
-- Host: localhost    Database: nike_store
-- ------------------------------------------------------
-- Server version	5.5.5-10.4.32-MariaDB

/*!40101 SET @OLD_CHARACTER_SET_CLIENT=@@CHARACTER_SET_CLIENT */;
/*!40101 SET @OLD_CHARACTER_SET_RESULTS=@@CHARACTER_SET_RESULTS */;
/*!40101 SET @OLD_COLLATION_CONNECTION=@@COLLATION_CONNECTION */;
/*!50503 SET NAMES utf8mb4 */;
/*!40103 SET @OLD_TIME_ZONE=@@TIME_ZONE */;
/*!40103 SET TIME_ZONE='+00:00' */;
/*!40014 SET @OLD_UNIQUE_CHECKS=@@UNIQUE_CHECKS, UNIQUE_CHECKS=0 */;
/*!40014 SET @OLD_FOREIGN_KEY_CHECKS=@@FOREIGN_KEY_CHECKS, FOREIGN_KEY_CHECKS=0 */;
/*!40101 SET @OLD_SQL_MODE=@@SQL_MODE, SQL_MODE='NO_AUTO_VALUE_ON_ZERO' */;
/*!40111 SET @OLD_SQL_NOTES=@@SQL_NOTES, SQL_NOTES=0 */;

--
-- Table structure for table `chat_messages`
--

DROP TABLE IF EXISTS `chat_messages`;
/*!40101 SET @saved_cs_client     = @@character_set_client */;
/*!50503 SET character_set_client = utf8mb4 */;
CREATE TABLE `chat_messages` (
  `id` int(11) NOT NULL AUTO_INCREMENT,
  `session_id` varchar(100) NOT NULL,
  `user_id` int(11) DEFAULT NULL,
  `username` varchar(100) DEFAULT 'Khách',
  `sender` enum('customer','admin') NOT NULL,
  `type` enum('text','image') DEFAULT 'text',
  `message` text NOT NULL,
  `is_read` tinyint(1) DEFAULT 0,
  `created_at` timestamp NOT NULL DEFAULT current_timestamp(),
  PRIMARY KEY (`id`),
  KEY `idx_session` (`session_id`),
  KEY `idx_user` (`user_id`)
) ENGINE=InnoDB AUTO_INCREMENT=17 DEFAULT CHARSET=utf8mb4 COLLATE=utf8mb4_general_ci;
/*!40101 SET character_set_client = @saved_cs_client */;

--
-- Dumping data for table `chat_messages`
--

LOCK TABLES `chat_messages` WRITE;
/*!40000 ALTER TABLE `chat_messages` DISABLE KEYS */;
INSERT INTO `chat_messages` VALUES (1,'sess_1781111299686_o4j9brj7m',1,'admin','customer','text','chào',1,'2026-06-10 17:08:47'),(2,'sess_1781111299686_o4j9brj7m',1,'admin','customer','text','chào bạn',1,'2026-06-10 17:15:14'),(3,'sess_1781111299686_o4j9brj7m',NULL,'Admin','admin','text','chào bạn nhé',1,'2026-06-10 17:16:21'),(4,'sess_1781111299686_o4j9brj7m',NULL,'Admin','admin','text','ok bạn',1,'2026-06-10 17:40:38'),(5,'sess_1781111299686_o4j9brj7m',1,'admin','customer','text','helo',1,'2026-06-10 17:43:34'),(6,'sess_1781111299686_o4j9brj7m',NULL,'Admin','admin','text','sao thế bạn',1,'2026-06-10 17:43:39'),(7,'sess_1781111299686_o4j9brj7m',1,'admin','customer','text','nè',1,'2026-06-10 17:54:19'),(8,'sess_1781111299686_o4j9brj7m',NULL,'Admin','admin','text','😁',1,'2026-06-10 17:54:51'),(9,'sess_1781111299686_o4j9brj7m',NULL,'Admin','admin','text','/uploads/chat/1781114108313-583431568.jpg',1,'2026-06-10 17:55:08'),(10,'sess_1781111299686_o4j9brj7m',1,'admin','customer','text','/uploads/chat/1781114558096-176796578.jpg',1,'2026-06-10 18:02:38'),(11,'sess_1781111299686_o4j9brj7m',NULL,'Admin','admin','text','/uploads/chat/1781114567467-299936170.jpg',1,'2026-06-10 18:02:47'),(12,'sess_1781111299686_o4j9brj7m',1,'admin','customer','image','/uploads/chat/1781118264143-555044112.jpg',1,'2026-06-10 19:04:24'),(13,'sess_1781111299686_o4j9brj7m',NULL,'Admin','admin','text','waooo',1,'2026-06-10 19:04:36'),(14,'sess_1781111299686_o4j9brj7m',NULL,'Admin','admin','image','/uploads/chat/1781118290310-923218897.png',1,'2026-06-10 19:04:50'),(15,'sess_1781111299686_o4j9brj7m',1,'admin','customer','image','/uploads/chat/1781118526646-406939227.jpg',1,'2026-06-10 19:08:46'),(16,'sess_1781111299686_o4j9brj7m',1,'admin','customer','text','sybau',1,'2026-06-10 19:08:59');
/*!40000 ALTER TABLE `chat_messages` ENABLE KEYS */;
UNLOCK TABLES;

--
-- Table structure for table `order_items`
--

DROP TABLE IF EXISTS `order_items`;
/*!40101 SET @saved_cs_client     = @@character_set_client */;
/*!50503 SET character_set_client = utf8mb4 */;
CREATE TABLE `order_items` (
  `id` int(11) NOT NULL AUTO_INCREMENT,
  `order_id` int(11) NOT NULL,
  `product_id` int(11) NOT NULL,
  `quantity` int(11) NOT NULL,
  `price` bigint(20) NOT NULL,
  `size` varchar(50) DEFAULT NULL,
  `color` varchar(50) DEFAULT NULL,
  PRIMARY KEY (`id`),
  KEY `idx_order_items_product_id` (`product_id`),
  KEY `idx_order_items_order_id` (`order_id`),
  CONSTRAINT `fk_order_items_orders` FOREIGN KEY (`order_id`) REFERENCES `orders` (`id`) ON DELETE CASCADE,
  CONSTRAINT `fk_order_items_products` FOREIGN KEY (`product_id`) REFERENCES `products` (`id`) ON DELETE CASCADE
) ENGINE=InnoDB AUTO_INCREMENT=21 DEFAULT CHARSET=utf8mb4 COLLATE=utf8mb4_general_ci;
/*!40101 SET character_set_client = @saved_cs_client */;

--
-- Dumping data for table `order_items`
--

LOCK TABLES `order_items` WRITE;
/*!40000 ALTER TABLE `order_items` DISABLE KEYS */;
INSERT INTO `order_items` VALUES (2,2,1443,1,2000000,'37','Trắng'),(3,3,1452,1,2600000,'37','Đỏ'),(4,4,1487,1,3000000,'37','Cam'),(5,5,1513,1,3000000,'39','Trắng'),(6,6,1513,1,3000000,'39','Trắng'),(8,8,1447,1,3200000,'37','Red'),(9,9,1447,1,3200000,'37','Red'),(10,10,1447,1,3200000,'37','Red'),(11,11,1447,1,3200000,'37','Red'),(12,12,1447,1,3200000,'37','Red'),(13,13,1589,1,450000,'One Size','Đen'),(14,14,1591,1,500000,'One Size','Xanh lá'),(15,15,1585,1,750000,'S','Cam'),(16,16,1587,1,400000,'One Size','Đen'),(17,17,1583,1,950000,'S','Xanh Navy'),(19,19,1586,1,350000,'One Size','Trắng'),(20,20,1582,1,1200000,'S','Xanh lá');
/*!40000 ALTER TABLE `order_items` ENABLE KEYS */;
UNLOCK TABLES;

--
-- Table structure for table `orders`
--

DROP TABLE IF EXISTS `orders`;
/*!40101 SET @saved_cs_client     = @@character_set_client */;
/*!50503 SET character_set_client = utf8mb4 */;
CREATE TABLE `orders` (
  `id` int(11) NOT NULL AUTO_INCREMENT,
  `user_id` int(11) DEFAULT NULL,
  `fullname` varchar(255) NOT NULL,
  `phone` varchar(20) NOT NULL,
  `address` text NOT NULL,
  `total_amount` bigint(20) NOT NULL,
  `status` enum('pending_payment','pending','processing','shipped','delivered','returning','returned','cancelled') NOT NULL DEFAULT 'pending',
  `return_reason` text DEFAULT NULL,
  `payment_method` varchar(50) NOT NULL DEFAULT 'COD',
  `vnpay_txn_ref` varchar(120) DEFAULT NULL,
  `payment_expired_at` timestamp NULL DEFAULT NULL,
  `payment_status` enum('pending','paid','failed') NOT NULL DEFAULT 'pending',
  `created_at` timestamp NOT NULL DEFAULT current_timestamp(),
  `delivered_at` datetime DEFAULT NULL,
  PRIMARY KEY (`id`),
  KEY `fk_orders_users` (`user_id`),
  KEY `idx_vnpay_txn_ref` (`vnpay_txn_ref`),
  KEY `idx_orders_created_at_status` (`created_at`,`status`),
  KEY `idx_orders_status` (`status`),
  KEY `idx_orders_created_at` (`created_at`),
  CONSTRAINT `fk_orders_users` FOREIGN KEY (`user_id`) REFERENCES `users` (`id`) ON DELETE SET NULL,
  CONSTRAINT `orders_ibfk_1` FOREIGN KEY (`user_id`) REFERENCES `users` (`id`) ON DELETE SET NULL
) ENGINE=InnoDB AUTO_INCREMENT=21 DEFAULT CHARSET=utf8mb4 COLLATE=utf8mb4_general_ci;
/*!40101 SET character_set_client = @saved_cs_client */;

--
-- Dumping data for table `orders`
--

LOCK TABLES `orders` WRITE;
/*!40000 ALTER TABLE `orders` DISABLE KEYS */;
INSERT INTO `orders` VALUES (1,1,'Nike Administrator','0347465650','Kim Động, Hưng Yên',1012000,'delivered',NULL,'COD',NULL,NULL,'pending','2026-05-19 02:25:07',NULL),(2,1,'Anh Tê','0977427155','Thôn Kim Động, Xã Cẩm Hưng, Hà Tĩnh',2200000,'returning','chán','vpbank',NULL,NULL,'paid','2026-06-04 01:58:36',NULL),(3,1,'Anh Tê','0977427155','Thôn Kim Động, Xã Cẩm Hưng, Hà Tĩnh',2860000,'cancelled',NULL,'cod',NULL,NULL,'pending','2026-06-04 02:41:21',NULL),(4,1,'Anh Tê','0977427155','Thôn Kim Động, Xã Cẩm Hưng, Hà Tĩnh',3300000,'shipped',NULL,'cod',NULL,NULL,'pending','2026-06-04 03:27:56',NULL),(5,1,'Anh Tê','0977427155','Thôn Kim Động, Xã Đức Hợp, Hưng Yên',2800000,'pending_payment',NULL,'vnpay','VNPAY_5_1780828711826','2026-06-07 03:53:31','pending','2026-06-07 10:38:31',NULL),(6,1,'Anh Tê','0977427155','Thôn Kim Động, Xã Đức Hợp, Hưng Yên',0,'cancelled',NULL,'cod',NULL,NULL,'pending','2026-06-07 10:45:13',NULL),(8,1,'Anh Tê','0977427155','Thôn Kim Động, Xã Đức Hợp, Hưng Yên',3520000,'pending_payment',NULL,'vnpay','8_1780860427764','2026-06-07 12:42:07','pending','2026-06-07 10:48:00',NULL),(9,1,'Anh Tê','0977427155','Thôn Kim Động, Xã Đức Hợp, Hưng Yên',3520000,'cancelled',NULL,'vnpay','VNPAY_9_1780830716760','2026-06-07 04:26:56','pending','2026-06-07 10:50:30',NULL),(10,1,'Anh Tê','0977427155','Thôn Kim Động, Xã Đức Hợp, Hưng Yên',3520000,'cancelled',NULL,'vnpay','VNPAY_10_1780829493647','2026-06-07 04:06:33','pending','2026-06-07 10:51:33',NULL),(11,1,'Anh Tê','0977427155','Thôn Kim Động, Xã Đức Hợp, Hưng Yên',3520000,'cancelled',NULL,'vnpay','11_1780854768365','2026-06-07 11:07:48','pending','2026-06-07 10:58:27',NULL),(12,1,'Anh Tê','0977427155','Thôn Kim Động, Xã Đức Hợp, Hưng Yên',3520000,'returning','sản phẩm bị hỏng','vpbank',NULL,NULL,'paid','2026-06-07 11:10:00',NULL),(13,1,'Anh Tê','0977427155','Thôn Kim Động, Xã Đức Hợp, Hưng Yên',495000,'processing',NULL,'vnpay','13_1781016426529','2026-06-09 08:02:06','paid','2026-06-09 13:28:11',NULL),(14,1,'Anh Tê','0977427155','Thôn Kim Động, Xã Đức Hợp, Hưng Yên',550000,'processing',NULL,'vnpay','14_1781018151665','2026-06-09 08:30:51','failed','2026-06-09 13:31:50',NULL),(15,1,'Anh Tê','0977427155','Thôn Kim Động, Xã Đức Hợp, Hưng Yên',825000,'processing',NULL,'vnpay','15_1781016372230','2026-06-09 08:01:12','paid','2026-06-09 13:37:06',NULL),(16,1,'Anh Tê','0977427155','Thôn Kim Động, Xã Đức Hợp, Hưng Yên',440000,'shipped',NULL,'cod',NULL,NULL,'pending','2026-06-09 13:38:14',NULL),(17,1,'Anh Tê','0977427155','Thôn Kim Động, Xã Đức Hợp, Hưng Yên',1045000,'returned','Tôi chán sản phẩm này rồi','vnpay','17_1781013390150','2026-06-09 07:11:30','','2026-06-09 13:56:30','2026-06-09 21:53:59'),(19,1,'Anh Tê','0977427155','Thôn Kim Động, Xã Đức Hợp, Hưng Yên',385000,'shipped',NULL,'vpbank',NULL,NULL,'paid','2026-06-09 14:08:30',NULL),(20,1,'Anh Tê','0977427155','Thôn Kim Động, Xã Đức Hợp, Hưng Yên',1320000,'returned','sai kích cỡ','ncoin',NULL,NULL,'','2026-06-10 16:56:34','2026-06-10 23:57:04');
/*!40000 ALTER TABLE `orders` ENABLE KEYS */;
UNLOCK TABLES;

--
-- Table structure for table `otps`
--

DROP TABLE IF EXISTS `otps`;
/*!40101 SET @saved_cs_client     = @@character_set_client */;
/*!50503 SET character_set_client = utf8mb4 */;
CREATE TABLE `otps` (
  `id` int(11) NOT NULL AUTO_INCREMENT,
  `email` varchar(255) NOT NULL,
  `code` varchar(10) NOT NULL,
  `purpose` varchar(50) NOT NULL,
  `expires_at` timestamp NOT NULL DEFAULT current_timestamp() ON UPDATE current_timestamp(),
  `created_at` timestamp NOT NULL DEFAULT current_timestamp(),
  PRIMARY KEY (`id`),
  KEY `idx_email_code` (`email`,`code`)
) ENGINE=InnoDB AUTO_INCREMENT=8 DEFAULT CHARSET=utf8mb4 COLLATE=utf8mb4_unicode_ci;
/*!40101 SET character_set_client = @saved_cs_client */;

--
-- Dumping data for table `otps`
--

LOCK TABLES `otps` WRITE;
/*!40000 ALTER TABLE `otps` DISABLE KEYS */;
/*!40000 ALTER TABLE `otps` ENABLE KEYS */;
UNLOCK TABLES;

--
-- Table structure for table `products`
--

DROP TABLE IF EXISTS `products`;
/*!40101 SET @saved_cs_client     = @@character_set_client */;
/*!50503 SET character_set_client = utf8mb4 */;
CREATE TABLE `products` (
  `id` int(11) NOT NULL AUTO_INCREMENT,
  `title` varchar(255) NOT NULL,
  `price` bigint(20) NOT NULL,
  `image` varchar(255) NOT NULL,
  `category` varchar(100) NOT NULL,
  `rating` decimal(2,1) NOT NULL DEFAULT 4.5,
  `color` varchar(50) NOT NULL DEFAULT 'Trắng',
  `sizes` varchar(100) NOT NULL DEFAULT '38,39,40,41,42',
  `item_type` varchar(50) NOT NULL DEFAULT 'shoes',
  `is_new` tinyint(1) NOT NULL DEFAULT 0,
  `discount_percent` int(11) NOT NULL DEFAULT 0,
  `description` text DEFAULT NULL,
  `stock` int(11) NOT NULL DEFAULT 100,
  `created_at` timestamp NOT NULL DEFAULT current_timestamp(),
  PRIMARY KEY (`id`),
  KEY `idx_products_category` (`category`)
) ENGINE=InnoDB AUTO_INCREMENT=1665 DEFAULT CHARSET=utf8mb4 COLLATE=utf8mb4_unicode_ci;
/*!40101 SET character_set_client = @saved_cs_client */;

--
-- Dumping data for table `products`
--

LOCK TABLES `products` WRITE;
/*!40000 ALTER TABLE `products` DISABLE KEYS */;
INSERT INTO `products` VALUES (19,'Men Air Max Runner',670000,'/catalog/men/shoes/men-shoe-1.webp','men',4.5,'Trắng','38,39,40,41,42','shoes',1,0,'Premium men shoes from Nike.',100,'2026-05-19 00:23:20'),(20,'Men Sport Cap',780000,'/catalog/men/accessories/men-accessories-1.webp','men',4.5,'Trắng','38,39,40,41,42','accessories',1,0,'Premium men accessories from Nike.',100,'2026-05-19 00:23:20'),(21,'Men Jump Rope',920000,'/catalog/men/equipment/men-equipment-2.webp','men',4.5,'Trắng','38,39,40,41,42','equipment',1,0,'Premium men equipment from Nike.',100,'2026-05-19 00:23:20'),(22,'Men Training Backpack',770000,'/catalog/men/accessories/men-accessories-2.webp','men',4.5,'Trắng','38,39,40,41,42','accessories',1,0,'Premium men accessories from Nike.',100,'2026-05-19 00:23:20'),(23,'Men Tech Fleece Pants',920000,'/catalog/men/pants/men-pants-1.webp','men',4.5,'Trắng','38,39,40,41,42','pants',1,0,'Premium men pants from Nike.',100,'2026-05-19 00:23:21'),(24,'Women Flyknit',530000,'/catalog/women/shoes/women-shoe-1.webp','women',4.5,'Trắng','38,39,40,41,42','shoes',1,0,'Premium women shoes from Nike.',100,'2026-05-19 00:23:22'),(25,'Men Training Gloves',780000,'/catalog/men/equipment/men-equipment-1.webp','men',4.5,'Trắng','38,39,40,41,42','equipment',1,0,'Premium men equipment from Nike.',100,'2026-05-19 00:23:22'),(28,'Women Running Belt',960000,'/catalog/women/accessories/women-accessories-2.webp','women',4.5,'Trắng','38,39,40,41,42','accessories',1,0,'Premium women accessories from Nike.',100,'2026-05-19 00:23:24'),(29,'Women Sport Sunglasses',600000,'/catalog/women/accessories/women-accessories-1.webp','women',4.5,'Trắng','38,39,40,41,42','accessories',1,0,'Premium women accessories from Nike.',100,'2026-05-19 00:23:25'),(30,'Women Resistance Bands',910000,'/catalog/women/equipment/women-equipment-2.webp','women',4.5,'Trắng','38,39,40,41,42','equipment',1,0,'Premium women equipment from Nike.',100,'2026-05-19 00:23:25'),(31,'Women Yoga Mat',870000,'/catalog/women/equipment/women-equipment-1.webp','women',4.5,'Trắng','38,39,40,41,42','equipment',1,0,'Premium women equipment from Nike.',100,'2026-05-19 00:23:25'),(32,'Women Yoga Leggings',690000,'/catalog/women/pants/women-pants-1.webp','women',4.5,'Trắng','38,39,40,41,42','pants',1,0,'Premium women pants from Nike.',100,'2026-05-19 00:23:26'),(33,'Women Running Shorts',520000,'/catalog/women/pants/women-pants-2.webp','women',4.5,'Trắng','38,39,40,41,42','pants',1,0,'Premium women pants from Nike.',100,'2026-05-19 00:23:26'),(34,'Kids Velcro Runner',670000,'/catalog/kids/shoes/kids-shoe-2.webp','kids',4.5,'Trắng','30,31,32,33,34,35,36','shoes',1,0,'Premium kids shoes from Nike.',100,'2026-05-19 00:23:26'),(35,'Kids Air Max',560000,'/catalog/kids/shoes/kids-shoe-1.webp','kids',4.5,'Trắng','30,31,32,33,34,35,36','shoes',1,0,'Premium kids shoes from Nike.',100,'2026-05-19 00:23:26'),(37,'Kids Sport Socks',730000,'/catalog/kids/pants/kids-accessories-2.webp','kids',4.5,'Trắng','30,31,32,33,34,35,36','pants',1,0,'Premium kids pants from Nike.',100,'2026-05-19 00:23:29'),(38,'Kids Jogger Pants',940000,'/catalog/kids/pants/kids-pants-1.webp','kids',4.5,'Trắng','30,31,32,33,34,35,36','pants',1,0,'Premium kids pants from Nike.',100,'2026-05-19 00:23:29'),(1332,'Nike One Women Yoga Leggings',2039000,'/assets/products/women/apparel/dl_1779157971535.png','women',4.1,'Xanh lá','37,38,39,40,41,42,43,44','pants',0,5,'Premium Nike pants — Nike One Women Yoga Leggings. Designed for performance and style.',60,'2026-05-19 02:32:52'),(1333,'Nike Women Running Shorts 3in',1151000,'/assets/products/women/apparel/dl_1779157971537.png','kids',0.0,'Xanh','37,38,39,40,41,42,43,44','shorts',0,0,'Premium Nike shorts',152,'2026-05-19 02:32:52'),(1334,'Nike Running Belt Women',698000,'/assets/products/women/accessories/dl_1779157973140.png','women',4.4,'Xanh','37,38,39,40,41,42,43,44','accessories',0,0,'Premium Nike accessories — Nike Running Belt Women. Designed for performance and style.',195,'2026-05-19 02:32:53'),(1335,'Nike Windrunner Women Jacket',1877000,'/assets/products/women/apparel/dl_1779157971539.png','women',4.7,'Xanh lá','37,38,39,40,41,42,43,44','jacket',1,0,'Premium Nike jacket — Nike Windrunner Women Jacket. Designed for performance and style.',97,'2026-05-19 02:32:53'),(1336,'Nike Sportswear Club Fleece Kids Hoodie',807000,'/assets/products/kids/apparel/dl_1779157971541.png','kids',4.5,'Đỏ','30,31,32,33,34,35,36','hoodie',0,0,'Premium Nike hoodie — Nike Sportswear Club Fleece Kids Hoodie. Designed for performance and style.',92,'2026-05-19 02:32:53'),(1337,'Nike Air Max 90 Men',3200000,'/assets/products/men/Men (1).png','men',4.5,'Trắng','37,38,39,40,41,42,43,44','shoes',1,0,'Nike Air Max 90 Men - Thiet ke cao cap, dem khong khi bieu tuong.',85,'2026-06-01 15:17:39'),(1338,'Nike Air Force 1 07 Men',2800000,'/assets/products/men/Men (2).png','men',4.6,'Trắng','37,38,39,40,41,42,43,44','shoes',0,10,'Nike Air Force 1 07 - Huyen thoai bong ro tro thanh bien tuong duong pho.',120,'2026-06-01 15:17:39'),(1339,'Nike Dunk Low Retro Men',3400000,'/assets/products/men/Men (3).png','men',4.4,'Đen','37,38,39,40,41,42,43,44','shoes',1,0,'Nike Dunk Low Retro - Phong cach co dien, chat lieu premium.',60,'2026-06-01 15:17:39'),(1340,'Nike Air Zoom Pegasus 41 Men',3000000,'/assets/products/men/Men (4).png','men',4.7,'Xanh','37,38,39,40,41,42,43,44','shoes',1,15,'Nike Pegasus 41 - Giao hang hieu suat cao cho nguoi chay bo.',95,'2026-06-01 15:17:39'),(1341,'Nike Air Max Plus TN Men',3800000,'/assets/products/men/Men (5).png','men',4.3,'Đen','37,38,39,40,41,42,43,44','shoes',0,0,'Nike Air Max Plus TN - Kieu dang noi bat, phan khong khi toi da.',55,'2026-06-01 15:17:39'),(1342,'Nike Blazer Mid 77 Vintage Men',2400000,'/assets/products/men/Men (6).png','men',4.5,'Trắng','37,38,39,40,41,42,43,44','shoes',0,5,'Nike Blazer Mid 77 - Phong cach vintage dang cap nhat.',80,'2026-06-01 15:17:39'),(1343,'Nike React Infinity Run Men',3500000,'/assets/products/men/Men (7).png','men',4.8,'Xám','37,38,39,40,41,42,43,44','shoes',1,0,'Nike React Infinity Run - Giam chan thuong, tang suc ben.',70,'2026-06-01 15:17:39'),(1344,'Nike Air Max 270 Men',2900000,'/assets/products/men/Men (8).png','men',4.4,'Xanh Navy','37,38,39,40,41,42,43,44','shoes',0,20,'Nike Air Max 270 - De khong khi lon nhat cua Nike.',110,'2026-06-01 15:17:39'),(1345,'Nike ZoomX Vaporfly Next% Men',6500000,'/assets/products/men/Men (9).png','men',4.9,'Xanh lá','37,38,39,40,41,42,43,44','shoes',1,0,'Nike Vaporfly Next% - Giau marathon chuyen nghiep.',40,'2026-06-01 15:17:39'),(1346,'Nike Metcon 9 Men',2600000,'/assets/products/men/Men (10).png','men',4.6,'Đỏ','37,38,39,40,41,42,43,44','shoes',0,10,'Nike Metcon 9 - Giau tap luyen da nang, on dinh tuyet voi.',90,'2026-06-01 15:17:39'),(1347,'Nike Air Huarache Men',2700000,'/assets/products/men/Men (11).png','men',4.3,'Cam','37,38,39,40,41,42,43,44','shoes',0,0,'Nike Air Huarache - Thiet ke doc dao, dem khong khi neo.',65,'2026-06-01 15:17:39'),(1348,'Nike Court Vision Low Men',1800000,'/assets/products/men/Men (12).png','men',4.2,'Trắng','37,38,39,40,41,42,43,44','shoes',0,15,'Nike Court Vision Low - Phong cach bong ro hang ngay.',130,'2026-06-01 15:17:39'),(1349,'Nike Air Max 97 Men',3200000,'/assets/products/men/nike-product-000.jpg','men',4.5,'Bạc','37,38,39,40,41,42,43,44','shoes',1,0,'Nike Air Max 97 - Thiet ke nguon cam hung tu tau cao toc Nhat Ban.',75,'2026-06-01 15:17:39'),(1350,'Nike Air Jordan 1 Retro High Men',4200000,'/assets/products/men/nike-product-001.jpg','men',0.0,'Đỏ','37,38,39,40,41,42,43,44','shoes',1,0,'Air Jordan 1 Retro High - Bieu tuong van hoa sneaker the gioi.',45,'2026-06-01 15:17:39'),(1351,'Nike Free RN 5.0 Men',2200000,'/assets/products/men/nike-product-002.jpg','men',4.3,'Xám','37,38,39,40,41,42,43,44','shoes',0,10,'Nike Free RN 5.0 - Chu dong chay, tu nhien hon.',100,'2026-06-01 15:17:39'),(1352,'Nike Tech Fleece Men',3500000,'/assets/products/men/nike-product-003.jpg','men',0.0,'Đen','38,39,40,41,42','shoes',1,0,'Nike Tech Fleece Hoodie - Cong nghe fleece tien tien, am ap nhe nhang.',80,'2026-06-01 15:17:39'),(1353,'Nike Dri-FIT Running Shirt Men',900000,'/assets/products/men/nike-product-004.jpg','men',4.4,'Xanh','37,38,39,40,41,42,43,44','shirt',0,5,'Nike Dri-FIT Running Shirt - Thoat am nhanh, thoai mai van dong.',150,'2026-06-01 15:17:39'),(1354,'Nike Club Fleece Pants Men',1400000,'/assets/products/men/nike-product-005.jpg','men',0.0,'Đen,Xám','38,39,40,41,42','shoes',0,0,'Nike Club Fleece Pants - Thoai mai, phong cach the thao.',120,'2026-06-01 15:17:39'),(1355,'Nike Windrunner Jacket Men',2400000,'/assets/products/men/nike-product-006.jpg','men',0.0,'Xanh','38,39,40,41,42','shoes',1,15,'Nike Windrunner Jacket - Chong gio, nhe, linh hoat cho moi hanh trinh.',70,'2026-06-01 15:17:39'),(1356,'Nike Dri-FIT Training Shorts Men',700000,'/assets/products/men/nike-product-007.jpg','men',0.0,'Đen','38,39,40,41,42','shoes',0,0,'Nike Dri-FIT Training Shorts - Thoai mai van dong toi da.',200,'2026-06-01 15:17:39'),(1357,'Nike Sport Cap Dri-FIT Men',500000,'/assets/products/men/nike-product-008.jpg','men',0.0,'Đen','38,39,40,41,42','shoes',0,10,'Nike Sport Cap - Bao ve khoi anh nang, phong cach the thao.',160,'2026-06-01 15:17:39'),(1358,'Nike Heritage Training Backpack',2000000,'/assets/products/men/nike-product-009.jpg','men',0.0,'Đen','38,39,40,41,42','shoes',0,0,'Nike Heritage Backpack - Rong rai, tien loi cho tap luyen hang ngay.',90,'2026-06-01 15:17:39'),(1359,'Nike LeBron XX Men',4500000,'/assets/products/men/nike-product-010.jpg','men',4.8,'Trắng','37,38,39,40,41,42,43,44','shoes',1,0,'Nike LeBron XX - Giau bong ro hinh suat cao nhat tu LeBron James.',35,'2026-06-01 15:17:39'),(1360,'Nike SB Dunk Low Pro Men',3000000,'/assets/products/men/nike-product-011.jpg','men',4.6,'Xanh Navy','37,38,39,40,41,42,43,44','shoes',0,5,'Nike SB Dunk Low Pro - Skateboarding huyen thoai tro lai.',55,'2026-06-01 15:17:39'),(1361,'Nike Air Max Dn Men',3800000,'/assets/products/men/nike-product-012.jpg','men',4.5,'Xanh','37,38,39,40,41,42,43,44','shoes',1,0,'Nike Air Max Dn - He thong khong khi dong the he.',60,'2026-06-01 15:17:39'),(1362,'Nike V2K Run Men',3200000,'/assets/products/men/nike-product-013.jpg','men',4.4,'Trắng','37,38,39,40,41,42,43,44','shoes',1,10,'Nike V2K Run - Thiet ke Y2K tro lai, thanh nhien hien dai.',75,'2026-06-01 15:17:39'),(1363,'Nike Running Everyday Socks Men',300000,'/assets/products/men/nike-product-014.jpg','men',4.1,'Trắng','37,38,39,40,41,42,43,44','socks',0,0,'Nike Everyday Socks - Em chan, thoai mai suot ngay.',300,'2026-06-01 15:17:39'),(1364,'Nike Air Force 1 Shadow Women',2800000,'/assets/products/women/Women (1).png','women',4.7,'Trắng','37,38,39,40,41,42,43,44','shoes',1,0,'Nike Air Force 1 Shadow - Tang chieu cao, phong cach doc dao.',90,'2026-06-01 15:17:39'),(1365,'Nike Air Max 270 Women',2900000,'/assets/products/women/Women (2).png','women',4.5,'Hồng','37,38,39,40,41,42,43,44','shoes',0,15,'Nike Air Max 270 - De khong khi 270 do, thoai mai toi da.',80,'2026-06-01 15:17:39'),(1366,'Nike Dunk Low Women',3200000,'/assets/products/women/Women (3).png','women',4.6,'Trắng','37,38,39,40,41,42,43,44','shoes',1,0,'Nike Dunk Low Women - Phong cach bong ro classic cho nu.',70,'2026-06-01 15:17:39'),(1367,'Nike Air Max Pulse Women',3600000,'/assets/products/women/Women (4).png','women',4.4,'Đen','37,38,39,40,41,42,43,44','shoes',1,0,'Nike Air Max Pulse - Ngoai hinh hien dai, cam giac am tren moi buoc chan.',55,'2026-06-01 15:17:39'),(1368,'Nike Pegasus Trail GTX Women',3800000,'/assets/products/women/Women (5).png','women',4.8,'Xanh lá','37,38,39,40,41,42,43,44','shoes',0,0,'Nike Pegasus Trail GTX - Chong tham nuoc, chinh phuc moi dia hinh.',50,'2026-06-01 15:17:39'),(1369,'Nike Air Max 1 Women',2400000,'/assets/products/women/Women (6).png','women',4.3,'Đỏ','37,38,39,40,41,42,43,44','shoes',0,10,'Nike Air Max 1 - Mau Air Max dau tien, bieu tuong muon thuo.',100,'2026-06-01 15:17:39'),(1370,'Nike Blazer Low 77 Women',2200000,'/assets/products/women/Women (7).png','women',4.5,'Trắng','37,38,39,40,41,42,43,44','shoes',0,5,'Nike Blazer Low 77 - Phong cach vintage tinh te cho nu.',85,'2026-06-01 15:17:39'),(1371,'Nike Infinity Run Women',3500000,'/assets/products/women/Women (8).png','women',4.7,'Xanh','37,38,39,40,41,42,43,44','shoes',1,0,'Nike Infinity Run - Giau chay bo chuyen dung, giam chan thuong hieu qua.',65,'2026-06-01 15:17:39'),(1372,'Nike Zoom Fly 5 Women',3800000,'/assets/products/women/Women (9).png','women',4.6,'Hồng','37,38,39,40,41,42,43,44','shoes',1,0,'Nike Zoom Fly 5 - Toc do va hieu suat chay bo chuyen nghiep.',45,'2026-06-01 15:17:39'),(1373,'Nike Court Vision Low Women',1800000,'/assets/products/women/Women (10).png','women',4.2,'Trắng','37,38,39,40,41,42,43,44','shoes',0,20,'Nike Court Vision Low - Phong cach bong ro thanh lich hang ngay.',120,'2026-06-01 15:17:39'),(1374,'Nike Free Metcon 5 Women',2800000,'/assets/products/women/Women (11).png','women',4.5,'Xám','37,38,39,40,41,42,43,44','shoes',0,0,'Nike Free Metcon 5 - Tu do van dong, on dinh luyen tap.',75,'2026-06-01 15:17:39'),(1375,'Nike Motiva Walking Women',2400000,'/assets/products/women/Women (12).png','women',4.3,'Tím','37,38,39,40,41,42,43,44','shoes',0,10,'Nike Motiva - Giau di bo cao cap, thoai mai ca ngay.',90,'2026-06-01 15:17:39'),(1376,'Nike Air Max 90 Futura Women',3200000,'/assets/products/women/nike-product-000.jpg','women',4.6,'Hồng','37,38,39,40,41,42,43,44','shoes',1,0,'Nike Air Max 90 Futura - Tuong lai cua Air Max, dam chat nu tinh.',70,'2026-06-01 15:17:39'),(1377,'Nike V2K Run Women',3000000,'/assets/products/women/nike-product-001.jpg','women',4.4,'Trắng','37,38,39,40,41,42,43,44','shoes',1,5,'Nike V2K Run Women - Y2K thu giao voi nu tinh hien dai.',65,'2026-06-01 15:17:39'),(1378,'Nike InfinaRN 4 Women',4200000,'/assets/products/women/nike-product-002.jpg','women',4.8,'Xanh','37,38,39,40,41,42,43,44','shoes',1,0,'Nike InfinaRN 4 - Chay khong gioi han, hieu suat khong ngung.',40,'2026-06-01 15:17:39'),(1379,'Nike One Leggings Women',1600000,'/assets/products/women/nike-product-003.jpg','women',0.0,'Đen','38,39,40,41,42','shoes',0,0,'Nike One Leggings - Om nguoi, thoai mai cho moi buoi tap.',150,'2026-06-01 15:17:39'),(1380,'Nike Tech Fleece Cropped Hoodie',3200000,'/assets/products/women/nike-product-004.jpg','women',0.0,'Đen,Trắng','38,39,40,41,42','shoes',1,0,'Nike Tech Fleece Cropped Hoodie - Phong cach hien dai, am ap tien loi.',80,'2026-06-01 15:17:39'),(1382,'Nike Dri-FIT Swoosh Tank Women',1000000,'/assets/products/women/nike-product-006.jpg','women',0.0,'Trắng','38,39,40,41,42','shoes',0,0,'Nike Dri-FIT Swoosh Tank - Thoang mat, thoai mai trong luyen tap.',140,'2026-06-01 15:17:39'),(1383,'Nike Windrunner ADV Jacket Women',4500000,'/assets/products/women/nike-product-007.jpg','women',0.0,'Hồng','38,39,40,41,42','shoes',1,0,'Nike Windrunner ADV - Cong nghe Storm-FIT cao cap cho nu.',40,'2026-06-01 15:17:39'),(1384,'Nike Club Fleece Sweatshirt Women',1800000,'/assets/products/women/nike-product-008.jpg','women',0.0,'Hồng,Đỏ','38,39,40,41,42','shoes',0,15,'Nike Club Fleece Sweatshirt - Am ap, phong cach casual hang ngay.',100,'2026-06-01 15:17:39'),(1385,'Nike Yoga Mat 6mm Women',1200000,'/assets/products/women/nike-product-009.jpg','women',0.0,'Tím,Xanh,Đen','38,39,40,41,42','shoes',0,0,'Nike Yoga Mat 6mm - Chong truot, dem lot day, yoga thoai mai.',80,'2026-06-01 15:17:39'),(1386,'Nike Resistance Bands Women',700000,'/assets/products/women/nike-product-010.jpg','women',0.0,'Đen','38,39,40,41,42','shoes',0,5,'Nike Resistance Bands - Bo 3 cap luc luyen tap toan than.',120,'2026-06-01 15:17:39'),(1387,'Nike Running Belt Women',600000,'/assets/products/women/nike-product-011.jpg','women',4.2,'Xanh','37,38,39,40,41,42,43,44','accessories',0,0,'Nike Running Belt - Dung gon, tien loi khi chay bo.',100,'2026-06-01 15:17:39'),(1388,'Nike Gym Tote Bag Women',1400000,'/assets/products/women/nike-product-012.jpg','women',0.0,'Đen','38,39,40,41,42','shoes',0,0,'Nike Gym Tote Bag - Rong rai, thoi trang cho gym hang ngay.',90,'2026-06-01 15:17:39'),(1389,'Nike Dri-FIT Swift Run Pants Women',1400000,'/assets/products/women/nike-product-013.jpg','women',0.0,'Đen','38,39,40,41,42','shoes',1,0,'Nike Dri-FIT Swift Run Pants - Thoai mai chay bo, thoat am nhanh.',85,'2026-06-01 15:17:39'),(1390,'Nike Everyday Cushioned Socks Women',300000,'/assets/products/women/nike-product-014.jpg','women',4.1,'Trắng','37,38,39,40,41,42,43,44','socks',0,0,'Nike Everyday Cushioned Socks - Em chan, chong phong cho moi ngay.',250,'2026-06-01 15:17:39'),(1391,'Nike Air Force 1 LE Kids',1800000,'/assets/products/kids/Kid (1).png','kids',4.7,'Trắng','30,31,32,33,34,35,36','shoes',1,0,'Nike Air Force 1 LE Kids - Phien ban nho cua huyen thoai AF1.',80,'2026-06-01 15:17:39'),(1392,'Nike Dunk Low Kids',2000000,'/assets/products/kids/Kid (2).png','kids',4.5,'Đen','30,31,32,33,34,35,36','shoes',1,0,'Nike Dunk Low Kids - Phong cach bong ro cho be.',70,'2026-06-01 15:17:39'),(1393,'Nike Air Max 270 GO Kids',2200000,'/assets/products/kids/Kid (3).png','kids',4.6,'Xanh','30,31,32,33,34,35,36','shoes',0,10,'Nike Air Max 270 GO - De khong khi lon, de mac de tao.',65,'2026-06-01 15:17:39'),(1394,'Nike Revolution 6 FlyEase Kids',1400000,'/assets/products/kids/Kid (4).png','kids',4.4,'Xám','30,31,32,33,34,35,36','shoes',0,0,'Nike Revolution 6 FlyEase - De mac khong can thao day giay.',90,'2026-06-01 15:17:39'),(1395,'Nike Star Runner 4 Kids',1400000,'/assets/products/kids/Kid (5).png','kids',4.3,'Đỏ','30,31,32,33,34,35,36','shoes',0,5,'Nike Star Runner 4 - Nhe nhang, bam duong tot cho be yeu.',100,'2026-06-01 15:17:39'),(1396,'Nike Flex Runner 2 Kids',1200000,'/assets/products/kids/Kid (6).png','kids',4.5,'Xanh lá','30,31,32,33,34,35,36','shoes',0,0,'Nike Flex Runner 2 - Linh hoat, tu nhien cho be chay nhay.',110,'2026-06-01 15:17:39'),(1397,'Nike Court Borough Low Kids',1400000,'/assets/products/kids/Kid (7).png','kids',4.2,'Trắng','30,31,32,33,34,35,36','shoes',0,15,'Nike Court Borough Low - Phong cach bong ro co dien cho tre.',85,'2026-06-01 15:17:39'),(1398,'Nike Dynamo Free Kids',1100000,'/assets/products/kids/Kid (8).png','kids',4.4,'Hồng','30,31,32,33,34,35,36','shoes',0,0,'Nike Dynamo Free SE - De mac nhanh, thoai mai ca ngay.',95,'2026-06-01 15:17:39'),(1399,'Nike Downshifter 12 Kids',1200000,'/assets/products/kids/Kid (9).png','kids',4.3,'Xanh Navy','30,31,32,33,34,35,36','shoes',0,5,'Nike Downshifter 12 - Giau chay bo entry-level hoan hao cho be.',100,'2026-06-01 15:17:39'),(1400,'Nike Air Max 90 Kids',2000000,'/assets/products/kids/Kid (10).png','kids',4.6,'Trắng','30,31,32,33,34,35,36','shoes',1,0,'Nike Air Max 90 Kids - Phien ban nho cua bieu tuong Air Max 90.',60,'2026-06-01 15:17:39'),(1401,'Nike Pico 5 Kids',900000,'/assets/products/kids/Kid (11).png','kids',4.1,'Xanh','30,31,32,33,34,35,36','shoes',0,10,'Nike Pico 5 - De mac, nhe nhang, ly tuong cho tre nho.',120,'2026-06-01 15:17:39'),(1402,'Nike Omni Multi-Court Kids',1500000,'/assets/products/kids/Kid (12).png','kids',4.4,'Đen','30,31,32,33,34,35,36','shoes',0,0,'Nike Omni Multi-Court - Bam san chac, da dung nhieu mon the thao.',75,'2026-06-01 15:17:39'),(1403,'Nike Waffle One Kids',1500000,'/assets/products/kids/nike-product-001.jpg','kids',4.4,'Nâu','30,31,32,33,34,35,36','shoes',0,5,'Nike Waffle One - Hoa van Waffle co dien tren de giay nhe nhang.',80,'2026-06-01 15:17:39'),(1404,'Nike Crater Impact Kids',1500000,'/assets/products/kids/nike-product-002.jpg','kids',4.3,'Xanh lá','30,31,32,33,34,35,36','shoes',0,0,'Nike Crater Impact - Vat lieu tai che, than thien moi truong.',70,'2026-06-01 15:17:39'),(1405,'Nike Club Fleece Hoodie Kids',1100000,'/assets/products/kids/nike-product-003.jpg','kids',4.5,'Xám','30,31,32,33,34,35,36','hoodie',0,0,'Nike Club Fleece Hoodie Kids - Am ap, phong cach the thao cho be.',90,'2026-06-01 15:17:39'),(1406,'Nike Dri-FIT Sport T-Shirt Kids',600000,'/assets/products/kids/nike-product-004.jpg','kids',4.3,'Xanh','30,31,32,33,34,35,36','shirt',0,5,'Nike Dri-FIT Sport T-Shirt - Thoang mat, thoai mai van dong cho tre.',150,'2026-06-01 15:17:39'),(1407,'Nike Park 20 Fleece Pants Kids',900000,'/assets/products/kids/nike-product-005.jpg','kids',4.2,'Đen','30,31,32,33,34,35,36','pants',0,0,'Nike Park 20 Fleece Pants - Thoai mai, am ap cho mua dong.',100,'2026-06-01 15:17:39'),(1408,'Nike Trophy Training Shorts Kids',600000,'/assets/products/kids/nike-product-006.jpg','kids',4.1,'Xanh Navy','30,31,32,33,34,35,36','shorts',0,10,'Nike Trophy Training Shorts - Thoai mai van dong tich cuc.',120,'2026-06-01 15:17:39'),(1409,'Nike Therma-FIT Pullover Kids',1300000,'/assets/products/kids/nike-product-007.jpg','kids',4.4,'Đỏ','30,31,32,33,34,35,36','hoodie',1,0,'Nike Therma-FIT Pullover - Giu am mua dong, style hien dai.',70,'2026-06-01 15:17:39'),(1410,'Nike Revolution 7 Kids',1200000,'/assets/products/kids/nike-product-008.jpg','kids',4.3,'Trắng','30,31,32,33,34,35,36','shoes',1,0,'Nike Revolution 7 - Chay bo nhe nhang, thoai mai moi ngay.',85,'2026-06-01 15:17:39'),(1411,'Nike Air Max INTRLK Kids',1800000,'/assets/products/kids/nike-product-009.jpg','kids',4.5,'Đen','30,31,32,33,34,35,36','shoes',1,0,'Nike Air Max INTRLK - Phong cach duong pho cho the he moi.',60,'2026-06-01 15:17:39'),(1412,'Nike Spark Flyease Kids',1400000,'/assets/products/kids/nike-product-010.jpg','kids',4.4,'Xanh','30,31,32,33,34,35,36','shoes',0,0,'Nike Spark FlyEase - De mac khong tay, ly tuong cho be nho.',80,'2026-06-01 15:17:39'),(1413,'Nike Team Hustle D11 Kids',1600000,'/assets/products/kids/nike-product-011.jpg','kids',4.5,'Trắng','30,31,32,33,34,35,36','shoes',0,10,'Nike Team Hustle D11 - Giau bong ro bam san tot cho be.',75,'2026-06-01 15:17:39'),(1414,'Nike Free RN Flyknit Kids',2000000,'/assets/products/kids/nike-product-012.jpg','kids',4.6,'Xám','30,31,32,33,34,35,36','shoes',1,0,'Nike Free RN Flyknit Kids - Nhe bat ngo, om chat ban chan.',55,'2026-06-01 15:17:39'),(1415,'Nike Interact Run Kids',1300000,'/assets/products/kids/nike-product-013.jpg','kids',4.3,'Cam','30,31,32,33,34,35,36','shoes',0,5,'Nike Interact Run - Phu hop chay bo va hoat dong hang ngay.',90,'2026-06-01 15:17:39'),(1416,'Nike Pegasus 41 Kids',2200000,'/assets/products/kids/nike-product-014.jpg','kids',4.7,'Xanh lá','30,31,32,33,34,35,36','shoes',1,0,'Nike Pegasus 41 Kids - Phien ban nho cua Pegasus chuyen nghiep.',50,'2026-06-01 15:17:39'),(1417,'Nike Summer Essentials Kids',800000,'/assets/products/kids/summer-essentials-000.jpg','kids',4.4,'Vàng','30,31,32,33,34,35,36','shirt',1,0,'Nike Summer Essentials - Bo suu tap he cho be yeu thoai mai.',100,'2026-06-01 15:17:39'),(1418,'Nike Air Max 97 Men',2100000,'/assets/products/men/nike-air-force-1-07-men-045.jpg','men',4.3,'Đen','37,38,39,40,41,42,43,44','shoes',0,20,'Nike Air Max 97 Men - Thiet ke cao cap tu Nike, hieu suat vuot troi va phong cach hien dai.',68,'2026-06-01 16:08:02'),(1419,'Nike Air Jordan 1 Retro Men',2800000,'/assets/products/men/nike-air-force-1-men-047.jpg','men',3.6,'Đỏ','37,38,39,40,41,42,43,44','shoes',0,5,'Nike Air Jordan 1 Retro Men - Thiet ke cao cap tu Nike, hieu suat vuot troi va phong cach hien dai.',134,'2026-06-01 16:08:02'),(1420,'Nike Free RN 5.0 Men',1800000,'/assets/products/men/nike-air-max-90-men-044.jpg','men',4.1,'Cam','37,38,39,40,41,42,43,44','shoes',0,15,'Nike Free RN 5.0 Men - Thiet ke cao cap tu Nike, hieu suat vuot troi va phong cach hien dai.',36,'2026-06-01 16:08:02'),(1421,'Nike Tech Fleece Hoodie Men',1600000,'/assets/products/men/nike-air-max-90-men-046.jpg','men',0.0,'Xám','38,39,40,41,42','shoes',0,0,'Nike Tech Fleece Hoodie Men - Thiet ke cao cap tu Nike, hieu suat vuot troi va phong cach hien dai.',100,'2026-06-01 16:08:02'),(1422,'Nike Dri-FIT Running Shirt Men',1200000,'/assets/products/men/nike-blazer-mid-77-men-049.jpg','men',3.5,'Trắng','37,38,39,40,41,42,43,44','shirt',0,15,'Nike Dri-FIT Running Shirt Men - Thiet ke cao cap tu Nike, hieu suat vuot troi va phong cach hien dai.',45,'2026-06-01 16:08:02'),(1423,'Nike Club Fleece Pants Men',1500000,'/assets/products/men/nike-pegasus-40-men-048.jpg','men',0.0,'Đen','38,39,40,41,42','shoes',1,0,'Nike Club Fleece Pants Men - Thiet ke cao cap tu Nike, hieu suat vuot troi va phong cach hien dai.',122,'2026-06-01 16:08:02'),(1424,'Nike Air Max Scorpion Men',3500000,'/assets/products/men/nike-product-015.jpg','men',3.6,'Cam','37,38,39,40,41,42,43,44','shoes',0,0,'Nike Air Max Scorpion Men - Thiet ke cao cap tu Nike, hieu suat vuot troi va phong cach hien dai.',70,'2026-06-01 16:08:02'),(1425,'Nike Air Rift Men',3500000,'/assets/products/men/nike-product-016.jpg','men',4.5,'Đỏ','37,38,39,40,41,42,43,44','shoes',0,5,'Nike Air Rift Men - Thiet ke cao cap tu Nike, hieu suat vuot troi va phong cach hien dai.',40,'2026-06-01 16:08:02'),(1426,'Nike SB Dunk Low Pro Men',3700000,'/assets/products/men/nike-product-017.jpg','men',4.9,'Đỏ','37,38,39,40,41,42,43,44','shoes',0,0,'Nike SB Dunk Low Pro Men - Thiet ke cao cap tu Nike, hieu suat vuot troi va phong cach hien dai.',153,'2026-06-01 16:08:02'),(1427,'Nike Air Max 1 Men',4300000,'/assets/products/men/nike-product-018.jpg','men',4.6,'Trắng','37,38,39,40,41,42,43,44','shoes',1,0,'Nike Air Max 1 Men - Thiet ke cao cap tu Nike, hieu suat vuot troi va phong cach hien dai.',113,'2026-06-01 16:08:02'),(1428,'Nike Killshot 2 Men',1900000,'/assets/products/men/nike-product-019.jpg','men',4.3,'Xám','37,38,39,40,41,42,43,44','shoes',0,0,'Nike Killshot 2 Men - Thiet ke cao cap tu Nike, hieu suat vuot troi va phong cach hien dai.',160,'2026-06-01 16:08:02'),(1429,'Nike Waffle One Men',3300000,'/assets/products/men/nike-product-020.jpg','men',3.7,'Trắng','37,38,39,40,41,42,43,44','shoes',0,20,'Nike Waffle One Men - Thiet ke cao cap tu Nike, hieu suat vuot troi va phong cach hien dai.',38,'2026-06-01 16:08:02'),(1430,'Nike Air Max Dawn Men',2300000,'/assets/products/men/nike-product-021.jpg','men',4.7,'Đen','37,38,39,40,41,42,43,44','shoes',0,0,'Nike Air Max Dawn Men - Thiet ke cao cap tu Nike, hieu suat vuot troi va phong cach hien dai.',136,'2026-06-01 16:08:02'),(1431,'Nike Air Presto Men',2100000,'/assets/products/men/nike-product-022.jpg','men',3.8,'Trắng','37,38,39,40,41,42,43,44','shoes',0,0,'Nike Air Presto Men - Thiet ke cao cap tu Nike, hieu suat vuot troi va phong cach hien dai.',149,'2026-06-01 16:08:02'),(1432,'Nike Dunk High Retro Men',3800000,'/assets/products/men/nike-product-023.jpg','men',4.9,'Xanh Navy','37,38,39,40,41,42,43,44','shoes',1,15,'Nike Dunk High Retro Men - Thiet ke cao cap tu Nike, hieu suat vuot troi va phong cach hien dai.',65,'2026-06-01 16:08:02'),(1433,'Nike ACG Mountain Fly Men',1900000,'/assets/products/men/nike-product-024.jpg','men',4.1,'Đen','37,38,39,40,41,42,43,44','shoes',0,0,'Nike ACG Mountain Fly Men - Thiet ke cao cap tu Nike, hieu suat vuot troi va phong cach hien dai.',160,'2026-06-01 16:08:02'),(1435,'Nike Pro Compression Shirt Men',600000,'/assets/products/men/nike-product-026.jpg','men',4.8,'Xám','37,38,39,40,41,42,43,44','shirt',1,10,'Nike Pro Compression Shirt Men - Thiet ke cao cap tu Nike, hieu suat vuot troi va phong cach hien dai.',70,'2026-06-01 16:08:02'),(1436,'Nike Therma-FIT Pullover Men',4200000,'/assets/products/men/nike-product-027.jpg','men',3.7,'Cam','37,38,39,40,41,42,43,44','shoes',0,0,'Nike Therma-FIT Pullover Men - Thiet ke cao cap tu Nike, hieu suat vuot troi va phong cach hien dai.',146,'2026-06-01 16:08:02'),(1437,'Nike Club Cargo Pants Men',2500000,'/assets/products/men/nike-product-028.jpg','men',0.0,'Xanh Navy','38,39,40,41,42','shoes',0,15,'Nike Club Cargo Pants Men - Thiet ke cao cap tu Nike, hieu suat vuot troi va phong cach hien dai.',111,'2026-06-01 16:08:02'),(1438,'Nike Challenger Running Shorts Men',1100000,'/assets/products/men/nike-product-029.jpg','men',0.0,'Cam','38,39,40,41,42','shoes',0,15,'Nike Challenger Running Shorts Men - Thiet ke cao cap tu Nike, hieu suat vuot troi va phong cach hien dai.',111,'2026-06-01 16:08:02'),(1439,'Nike Air Max INTRLK Men',4100000,'/assets/products/men/nike-product-030.jpg','men',3.8,'Xanh lá','37,38,39,40,41,42,43,44','shoes',0,0,'Nike Air Max INTRLK Men - Thiet ke cao cap tu Nike, hieu suat vuot troi va phong cach hien dai.',75,'2026-06-01 16:08:02'),(1440,'Nike Revolution 7 Men',4300000,'/assets/products/men/nike-product-031.jpg','men',4.8,'Trắng','37,38,39,40,41,42,43,44','shoes',0,15,'Nike Revolution 7 Men - Thiet ke cao cap tu Nike, hieu suat vuot troi va phong cach hien dai.',130,'2026-06-01 16:08:02'),(1441,'Nike Downshifter 13 Men',1800000,'/assets/products/men/nike-product-032.jpg','men',4.7,'Xám','37,38,39,40,41,42,43,44','shoes',0,10,'Nike Downshifter 13 Men - Thiet ke cao cap tu Nike, hieu suat vuot troi va phong cach hien dai.',155,'2026-06-01 16:08:02'),(1442,'Nike Interact Run Men',4300000,'/assets/products/men/nike-product-033.jpg','men',3.5,'Xanh Navy','37,38,39,40,41,42,43,44','shoes',0,10,'Nike Interact Run Men - Thiet ke cao cap tu Nike, hieu suat vuot troi va phong cach hien dai.',120,'2026-06-01 16:08:02'),(1443,'Nike Winflo 11 Men',2000000,'/assets/products/men/nike-product-034.jpg','men',4.8,'Trắng','37,38,39,40,41,42,43,44','shoes',0,0,'Nike Winflo 11 Men - Thiet ke cao cap tu Nike, hieu suat vuot troi va phong cach hien dai.',109,'2026-06-01 16:08:02'),(1444,'Nike Court Legacy Canvas Men',4000000,'/assets/products/men/nike-product-035.jpg','men',4.2,'Đỏ','37,38,39,40,41,42,43,44','shoes',1,15,'Nike Court Legacy Canvas Men - Thiet ke cao cap tu Nike, hieu suat vuot troi va phong cach hien dai.',149,'2026-06-01 16:08:02'),(1445,'Nike Air Max Excee Men',1800000,'/assets/products/men/nike-product-036.jpg','men',4.3,'Xanh lá','37,38,39,40,41,42,43,44','shoes',0,5,'Nike Air Max Excee Men - Thiet ke cao cap tu Nike, hieu suat vuot troi va phong cach hien dai.',163,'2026-06-01 16:08:02'),(1446,'Nike Precision 7 Men',2900000,'/assets/products/men/nike-product-037.jpg','men',4.1,'Trắng','37,38,39,40,41,42,43,44','shoes',0,0,'Nike Precision 7 Men - Thiet ke cao cap tu Nike, hieu suat vuot troi va phong cach hien dai.',105,'2026-06-01 16:08:02'),(1447,'Nike GT Cut 3 Men',3200000,'/assets/products/men/nike-product-038.jpg','men',3.8,'Đỏ','37,38,39,40,41,42,43,44','shoes',1,0,'Nike GT Cut 3 Men - Thiet ke cao cap tu Nike, hieu suat vuot troi va phong cach hien dai.',44,'2026-06-01 16:08:02'),(1448,'Nike Air Max 90',3100000,'/assets/products/men/nike-product-039.jpg','men',3.6,'Cam','37,38,39,40,41,42,43,44','shoes',0,15,'Nike Air Max 90 - Thiet ke cao cap tu Nike, hieu suat vuot troi va phong cach hien dai.',47,'2026-06-01 16:08:02'),(1449,'Nike Air Force 1 \'07',2300000,'/assets/products/men/nike-product-040.jpg','men',4.9,'Xanh lá','37,38,39,40,41,42,43,44','shoes',0,20,'Nike Air Force 1 \'07 - Thiet ke cao cap tu Nike, hieu suat vuot troi va phong cach hien dai.',112,'2026-06-01 16:08:02'),(1450,'Nike Dunk Low Retro',4200000,'/assets/products/men/nike-product-041.jpg','men',3.9,'Xám','37,38,39,40,41,42,43,44','shoes',0,15,'Nike Dunk Low Retro - Thiet ke cao cap tu Nike, hieu suat vuot troi va phong cach hien dai.',129,'2026-06-01 16:08:03'),(1451,'Nike Air Zoom Pegasus 41',4100000,'/assets/products/men/nike-product-042.jpg','men',3.7,'Trắng','37,38,39,40,41,42,43,44','shoes',0,0,'Nike Air Zoom Pegasus 41 - Thiet ke cao cap tu Nike, hieu suat vuot troi va phong cach hien dai.',125,'2026-06-01 16:08:03'),(1452,'Nike Air Max Plus TN',2600000,'/assets/products/men/nike-product-043.jpg','men',4.9,'Đỏ','37,38,39,40,41,42,43,44','shoes',1,15,'Nike Air Max Plus TN - Thiet ke cao cap tu Nike, hieu suat vuot troi va phong cach hien dai.',96,'2026-06-01 16:08:03'),(1453,'Nike Air Force 1 Shadow Women',2800000,'/assets/products/women/nike-air-force-1-shadow-women-048.jpg','women',4.1,'Xanh lá','37,38,39,40,41,42,43,44','shoes',0,5,'Nike Air Force 1 Shadow Women - Thiet ke cao cap tu Nike, hieu suat vuot troi va phong cach hien dai.',138,'2026-06-01 16:08:03'),(1454,'Nike Air Max 270 Women',1900000,'/assets/products/women/nike-air-max-women-040.jpg','women',4.9,'Cam','37,38,39,40,41,42,43,44','shoes',0,20,'Nike Air Max 270 Women - Thiet ke cao cap tu Nike, hieu suat vuot troi va phong cach hien dai.',153,'2026-06-01 16:08:03'),(1455,'Nike Dunk Low Women',3700000,'/assets/products/women/nike-blazer-women-042.jpg','women',3.6,'Xám','37,38,39,40,41,42,43,44','shoes',0,15,'Nike Dunk Low Women - Thiet ke cao cap tu Nike, hieu suat vuot troi va phong cach hien dai.',41,'2026-06-01 16:08:03'),(1456,'Nike Air Max Pulse Women',2400000,'/assets/products/women/nike-club-fleece-women-047.jpg','women',4.4,'Trắng','37,38,39,40,41,42,43,44','shoes',0,15,'Nike Air Max Pulse Women - Thiet ke cao cap tu Nike, hieu suat vuot troi va phong cach hien dai.',97,'2026-06-01 16:08:03'),(1457,'Nike Pegasus Trail GTX Women',3300000,'/assets/products/women/nike-dunk-women-041.jpg','women',3.9,'Trắng','37,38,39,40,41,42,43,44','shoes',0,20,'Nike Pegasus Trail GTX Women - Thiet ke cao cap tu Nike, hieu suat vuot troi va phong cach hien dai.',62,'2026-06-01 16:08:03'),(1458,'Nike Air Max 1 Women',2700000,'/assets/products/women/nike-infinity-run-women-043.jpg','women',4.1,'Đỏ','37,38,39,40,41,42,43,44','shoes',0,5,'Nike Air Max 1 Women - Thiet ke cao cap tu Nike, hieu suat vuot troi va phong cach hien dai.',105,'2026-06-01 16:08:03'),(1459,'Nike Blazer Low \'77 Women',2000000,'/assets/products/women/nike-jacket-women-049.jpg','women',3.9,'Đen','37,38,39,40,41,42,43,44','shoes',0,0,'Nike Blazer Low \'77 Women - Thiet ke cao cap tu Nike, hieu suat vuot troi va phong cach hien dai.',174,'2026-06-01 16:08:03'),(1460,'Nike Infinity Run Women',2800000,'/assets/products/women/nike-one-leggings-women-045.jpg','women',4.7,'Đỏ','37,38,39,40,41,42,43,44','shoes',0,0,'Nike Infinity Run Women - Thiet ke cao cap tu Nike, hieu suat vuot troi va phong cach hien dai.',161,'2026-06-01 16:08:03'),(1461,'Nike Air Vapormax 2023 Women',3300000,'/assets/products/women/nike-product-015.jpg','women',4.8,'Xanh lá','37,38,39,40,41,42,43,44','shoes',0,5,'Nike Air Vapormax 2023 Women - Thiet ke cao cap tu Nike, hieu suat vuot troi va phong cach hien dai.',152,'2026-06-01 16:08:03'),(1462,'Nike Blazer Mid \'77 SE Women',3200000,'/assets/products/women/nike-product-016.jpg','women',3.6,'Xanh Navy','37,38,39,40,41,42,43,44','shoes',0,15,'Nike Blazer Mid \'77 SE Women - Thiet ke cao cap tu Nike, hieu suat vuot troi va phong cach hien dai.',149,'2026-06-01 16:08:03'),(1463,'Nike Revolution 7 Women',3400000,'/assets/products/women/nike-product-017.jpg','women',3.6,'Đen','37,38,39,40,41,42,43,44','shoes',1,5,'Nike Revolution 7 Women - Thiet ke cao cap tu Nike, hieu suat vuot troi va phong cach hien dai.',84,'2026-06-01 16:08:03'),(1464,'Nike Court Royale 2 Women',2200000,'/assets/products/women/nike-product-018.jpg','women',3.5,'Đen','37,38,39,40,41,42,43,44','shoes',0,10,'Nike Court Royale 2 Women - Thiet ke cao cap tu Nike, hieu suat vuot troi va phong cach hien dai.',32,'2026-06-01 16:08:03'),(1465,'Nike Pegasus 41 Women',1900000,'/assets/products/women/nike-product-019.jpg','women',4.2,'Đen','37,38,39,40,41,42,43,44','shoes',0,0,'Nike Pegasus 41 Women - Thiet ke cao cap tu Nike, hieu suat vuot troi va phong cach hien dai.',177,'2026-06-01 16:08:03'),(1466,'Nike Invincible 3 Women',2500000,'/assets/products/women/nike-product-020.jpg','women',4.2,'Trắng','37,38,39,40,41,42,43,44','shoes',1,20,'Nike Invincible 3 Women - Thiet ke cao cap tu Nike, hieu suat vuot troi va phong cach hien dai.',177,'2026-06-01 16:08:03'),(1467,'Nike Structure 25 Women',4300000,'/assets/products/women/nike-product-021.jpg','women',4.5,'Đen','37,38,39,40,41,42,43,44','shoes',0,10,'Nike Structure 25 Women - Thiet ke cao cap tu Nike, hieu suat vuot troi va phong cach hien dai.',177,'2026-06-01 16:08:03'),(1468,'Nike Air Max Scorpion Women',2700000,'/assets/products/women/nike-product-022.jpg','women',3.9,'Xanh lá','37,38,39,40,41,42,43,44','shoes',0,0,'Nike Air Max Scorpion Women - Thiet ke cao cap tu Nike, hieu suat vuot troi va phong cach hien dai.',179,'2026-06-01 16:08:03'),(1469,'Nike Dunk High Women',2400000,'/assets/products/women/nike-product-023.jpg','women',4.3,'Trắng','37,38,39,40,41,42,43,44','shoes',0,10,'Nike Dunk High Women - Thiet ke cao cap tu Nike, hieu suat vuot troi va phong cach hien dai.',118,'2026-06-01 16:08:03'),(1470,'Nike Air Max Dawn Women',4400000,'/assets/products/women/nike-product-024.jpg','women',4.3,'Trắng','37,38,39,40,41,42,43,44','shoes',1,5,'Nike Air Max Dawn Women - Thiet ke cao cap tu Nike, hieu suat vuot troi va phong cach hien dai.',30,'2026-06-01 16:08:03'),(1471,'Nike Waffle One Women',2100000,'/assets/products/women/nike-product-025.jpg','women',4.8,'Xám','37,38,39,40,41,42,43,44','shoes',0,10,'Nike Waffle One Women - Thiet ke cao cap tu Nike, hieu suat vuot troi va phong cach hien dai.',109,'2026-06-01 16:08:03'),(1472,'Nike Air Presto Women',2600000,'/assets/products/women/nike-product-026.jpg','women',3.8,'Trắng','37,38,39,40,41,42,43,44','shoes',1,20,'Nike Air Presto Women - Thiet ke cao cap tu Nike, hieu suat vuot troi va phong cach hien dai.',120,'2026-06-01 16:08:03'),(1473,'Nike P-6000 Women',4100000,'/assets/products/women/nike-product-027.jpg','women',3.7,'Cam','37,38,39,40,41,42,43,44','shoes',1,0,'Nike P-6000 Women - Thiet ke cao cap tu Nike, hieu suat vuot troi va phong cach hien dai.',45,'2026-06-01 16:08:03'),(1474,'Nike Air Max 97 Women',2100000,'/assets/products/women/nike-product-028.jpg','women',3.6,'Đen','37,38,39,40,41,42,43,44','shoes',0,15,'Nike Air Max 97 Women - Thiet ke cao cap tu Nike, hieu suat vuot troi va phong cach hien dai.',46,'2026-06-01 16:08:03'),(1475,'Nike React Phantom Run Women',3600000,'/assets/products/women/nike-product-029.jpg','women',3.9,'Xanh Navy','37,38,39,40,41,42,43,44','shoes',0,0,'Nike React Phantom Run Women - Thiet ke cao cap tu Nike, hieu suat vuot troi va phong cach hien dai.',127,'2026-06-01 16:08:03'),(1477,'Nike Zenvy Leggings Women',1300000,'/assets/products/women/nike-product-031.jpg','women',4.5,'Xám','37,38,39,40,41,42,43,44','pants',0,10,'Nike Zenvy Leggings Women - Thiet ke cao cap tu Nike, hieu suat vuot troi va phong cach hien dai.',64,'2026-06-01 16:08:03'),(1478,'Nike Go FlyEase Women',2300000,'/assets/products/women/nike-product-032.jpg','women',4.2,'Xám','37,38,39,40,41,42,43,44','shoes',1,0,'Nike Go FlyEase Women - Thiet ke cao cap tu Nike, hieu suat vuot troi va phong cach hien dai.',101,'2026-06-01 16:08:03'),(1480,'Nike Trail Repel Jacket Women',3400000,'/assets/products/women/nike-product-034.jpg','women',0.0,'Xanh','38,39,40,41,42','shoes',0,20,'Nike Trail Repel Jacket Women - Thiet ke cao cap tu Nike, hieu suat vuot troi va phong cach hien dai.',87,'2026-06-01 16:08:03'),(1481,'Nike Sportswear Essential Tee Women',600000,'/assets/products/women/nike-product-035.jpg','women',0.0,'Đỏ','38,39,40,41,42','shoes',0,0,'Nike Sportswear Essential Tee Women - Thiet ke cao cap tu Nike, hieu suat vuot troi va phong cach hien dai.',81,'2026-06-01 16:08:03'),(1482,'Nike Tempo Running Shorts Women',3900000,'/assets/products/women/nike-product-036.jpg','women',4.7,'Xanh','37,38,39,40,41,42,43,44','shoes',1,10,'Nike Tempo Running Shorts Women - Thiet ke cao cap tu Nike, hieu suat vuot troi va phong cach hien dai.',178,'2026-06-01 16:08:03'),(1483,'Nike Phoenix Fleece Hoodie Women',1500000,'/assets/products/women/nike-product-037.jpg','women',0.0,'Xám,Hồng','38,39,40,41,42','shoes',0,0,'Nike Phoenix Fleece Hoodie Women - Thiet ke cao cap tu Nike, hieu suat vuot troi va phong cach hien dai.',39,'2026-06-01 16:08:03'),(1484,'Nike Air Max INTRLK Women',2200000,'/assets/products/women/nike-product-038.jpg','women',4.4,'Xanh lá','37,38,39,40,41,42,43,44','shoes',0,15,'Nike Air Max INTRLK Women - Thiet ke cao cap tu Nike, hieu suat vuot troi va phong cach hien dai.',41,'2026-06-01 16:08:03'),(1485,'Nike Downshifter 13 Women',3700000,'/assets/products/women/nike-product-039.jpg','women',4.1,'Đỏ','37,38,39,40,41,42,43,44','shoes',0,0,'Nike Downshifter 13 Women - Thiet ke cao cap tu Nike, hieu suat vuot troi va phong cach hien dai.',146,'2026-06-01 16:08:03'),(1486,'Nike Interact Run Women',3900000,'/assets/products/women/nike-sports-bra-women-046.jpg','women',4.2,'Đen','37,38,39,40,41,42,43,44','shoes',0,5,'Nike Interact Run Women - Thiet ke cao cap tu Nike, hieu suat vuot troi va phong cach hien dai.',127,'2026-06-01 16:08:03'),(1487,'Nike Winflo 11 Women',3000000,'/assets/products/women/nike-zoom-fly-women-044.jpg','women',3.9,'Cam','37,38,39,40,41,42,43,44','shoes',1,0,'Nike Winflo 11 Women - Thiet ke cao cap tu Nike, hieu suat vuot troi va phong cach hien dai.',61,'2026-06-01 16:08:03'),(1488,'Nike Waffle One Kids',1900000,'/assets/products/kids/kids-sneaker-sport-049.jpg','kids',4.7,'Xám','30,31,32,33,34,35,36','shoes',0,0,'Nike Waffle One Kids - Thiet ke cao cap tu Nike, hieu suat vuot troi va phong cach hien dai.',149,'2026-06-01 16:08:03'),(1489,'Nike Crater Impact Kids',3100000,'/assets/products/kids/nike-air-force-1-kids-040.jpg','kids',4.2,'Đen','30,31,32,33,34,35,36','shoes',0,15,'Nike Crater Impact Kids - Thiet ke cao cap tu Nike, hieu suat vuot troi va phong cach hien dai.',51,'2026-06-01 16:08:03'),(1490,'Nike Club Fleece Hoodie Kids',1000000,'/assets/products/kids/nike-air-max-270-kids-042.jpg','kids',3.9,'Cam','30,31,32,33,34,35,36','hoodie',0,0,'Nike Club Fleece Hoodie Kids - Thiet ke cao cap tu Nike, hieu suat vuot troi va phong cach hien dai.',59,'2026-06-01 16:08:03'),(1491,'Nike Dri-FIT Sport T-Shirt Kids',600000,'/assets/products/kids/nike-club-fleece-kids-045.jpg','kids',4.3,'Xanh lá','30,31,32,33,34,35,36','shirt',0,10,'Nike Dri-FIT Sport T-Shirt Kids - Thiet ke cao cap tu Nike, hieu suat vuot troi va phong cach hien dai.',87,'2026-06-01 16:08:03'),(1492,'Nike Park 20 Fleece Pants Kids',1300000,'/assets/products/kids/nike-court-borough-kids-047.jpg','kids',4.1,'Đỏ','30,31,32,33,34,35,36','pants',1,20,'Nike Park 20 Fleece Pants Kids - Thiet ke cao cap tu Nike, hieu suat vuot troi va phong cach hien dai.',66,'2026-06-01 16:08:03'),(1493,'Nike Trophy Training Shorts Kids',700000,'/assets/products/kids/nike-downshifter-kids-048.jpg','kids',4.2,'Đỏ','30,31,32,33,34,35,36','shorts',0,20,'Nike Trophy Training Shorts Kids - Thiet ke cao cap tu Nike, hieu suat vuot troi va phong cach hien dai.',95,'2026-06-01 16:08:03'),(1494,'Nike Therma-FIT Pullover Hoodie Kids',1000000,'/assets/products/kids/nike-dri-fit-kids-046.jpg','kids',4.4,'Xanh Navy','30,31,32,33,34,35,36','hoodie',0,10,'Nike Therma-FIT Pullover Hoodie Kids - Thiet ke cao cap tu Nike, hieu suat vuot troi va phong cach hien dai.',85,'2026-06-01 16:08:03'),(1495,'Nike Revolution 7 Kids',2200000,'/assets/products/kids/nike-dunk-low-kids-041.jpg','kids',3.8,'Trắng','30,31,32,33,34,35,36','shoes',0,0,'Nike Revolution 7 Kids - Thiet ke cao cap tu Nike, hieu suat vuot troi va phong cach hien dai.',139,'2026-06-01 16:08:03'),(1496,'Nike MD Valiant Kids',3500000,'/assets/products/kids/nike-product-016.jpg','kids',4.9,'Trắng','30,31,32,33,34,35,36','shoes',0,10,'Nike MD Valiant Kids - Thiet ke cao cap tu Nike, hieu suat vuot troi va phong cach hien dai.',95,'2026-06-01 16:08:03'),(1497,'Nike Tanjun EasyOn Kids',3100000,'/assets/products/kids/nike-product-017.jpg','kids',3.9,'Trắng','30,31,32,33,34,35,36','shoes',1,20,'Nike Tanjun EasyOn Kids - Thiet ke cao cap tu Nike, hieu suat vuot troi va phong cach hien dai.',58,'2026-06-01 16:08:03'),(1498,'Nike Wearallday Kids',3200000,'/assets/products/kids/nike-product-018.jpg','kids',4.7,'Xanh lá','30,31,32,33,34,35,36','shoes',0,15,'Nike Wearallday Kids - Thiet ke cao cap tu Nike, hieu suat vuot troi va phong cach hien dai.',148,'2026-06-01 16:08:03'),(1499,'Nike Air Zoom Crossover Kids',2300000,'/assets/products/kids/nike-product-019.jpg','kids',4.9,'Trắng','30,31,32,33,34,35,36','shoes',1,20,'Nike Air Zoom Crossover Kids - Thiet ke cao cap tu Nike, hieu suat vuot troi va phong cach hien dai.',33,'2026-06-01 16:08:03'),(1500,'Nike Swoosh T-Shirt Kids',500000,'/assets/products/kids/nike-product-020.jpg','kids',3.8,'Cam','30,31,32,33,34,35,36','shirt',1,15,'Nike Swoosh T-Shirt Kids - Thiet ke cao cap tu Nike, hieu suat vuot troi va phong cach hien dai.',85,'2026-06-01 16:08:03'),(1501,'Nike Dri-FIT Academy Pants Kids',1000000,'/assets/products/kids/nike-product-021.jpg','kids',3.9,'Xanh','30,31,32,33,34,35,36','pants',0,0,'Nike Dri-FIT Academy Pants Kids - Thiet ke cao cap tu Nike, hieu suat vuot troi va phong cach hien dai.',94,'2026-06-01 16:08:03'),(1502,'Nike Sportswear Windrunner Kids',1400000,'/assets/products/kids/nike-product-022.jpg','kids',4.6,'Xanh Navy','30,31,32,33,34,35,36','shoes',1,0,'Nike Sportswear Windrunner Kids - Thiet ke cao cap tu Nike, hieu suat vuot troi va phong cach hien dai.',125,'2026-06-01 16:08:03'),(1503,'Nike Club Jogger Pants Kids',1000000,'/assets/products/kids/nike-product-023.jpg','kids',4.9,'Đen','30,31,32,33,34,35,36','pants',1,0,'Nike Club Jogger Pants Kids - Thiet ke cao cap tu Nike, hieu suat vuot troi va phong cach hien dai.',62,'2026-06-01 16:08:03'),(1505,'Nike Everyday Cushioned Socks Kids',300000,'/assets/products/kids/nike-product-025.jpg','kids',4.3,'Xanh lá','30,31,32,33,34,35,36','socks',1,5,'Nike Everyday Cushioned Socks Kids - Thiet ke cao cap tu Nike, hieu suat vuot troi va phong cach hien dai.',39,'2026-06-01 16:08:03'),(1507,'Nike Sunray Protect Sandal Kids',1800000,'/assets/products/kids/nike-product-027.jpg','kids',3.8,'Xanh Navy','30,31,32,33,34,35,36','shoes',0,0,'Nike Sunray Protect Sandal Kids - Thiet ke cao cap tu Nike, hieu suat vuot troi va phong cach hien dai.',61,'2026-06-01 16:08:03'),(1508,'Nike Flex Experience Run Kids',3100000,'/assets/products/kids/nike-product-028.jpg','kids',4.2,'Xanh lá','30,31,32,33,34,35,36','shoes',1,0,'Nike Flex Experience Run Kids - Thiet ke cao cap tu Nike, hieu suat vuot troi va phong cach hien dai.',164,'2026-06-01 16:08:03'),(1509,'Nike Downshifter 13 Kids',1600000,'/assets/products/kids/nike-product-029.jpg','kids',4.6,'Xanh lá','30,31,32,33,34,35,36','shoes',1,0,'Nike Downshifter 13 Kids - Thiet ke cao cap tu Nike, hieu suat vuot troi va phong cach hien dai.',39,'2026-06-01 16:08:03'),(1510,'Nike Star Runner 3 Kids',2600000,'/assets/products/kids/nike-product-030.jpg','kids',3.7,'Đỏ','30,31,32,33,34,35,36','shoes',0,5,'Nike Star Runner 3 Kids - Thiet ke cao cap tu Nike, hieu suat vuot troi va phong cach hien dai.',87,'2026-06-01 16:08:03'),(1511,'Nike Air More Uptempo Kids',2100000,'/assets/products/kids/nike-product-031.jpg','kids',4.5,'Trắng','30,31,32,33,34,35,36','shoes',0,15,'Nike Air More Uptempo Kids - Thiet ke cao cap tu Nike, hieu suat vuot troi va phong cach hien dai.',167,'2026-06-01 16:08:03'),(1512,'Nike LeBron Witness Kids',2100000,'/assets/products/kids/nike-product-032.jpg','kids',4.2,'Xanh','30,31,32,33,34,35,36','shoes',0,10,'Nike LeBron Witness Kids - Thiet ke cao cap tu Nike, hieu suat vuot troi va phong cach hien dai.',57,'2026-06-01 16:08:03'),(1513,'Nike Kyrie Infinity Kids',3000000,'/assets/products/kids/nike-product-033.jpg','kids',3.8,'Xám','30,31,32,33,34,35,36','shoes',0,0,'Nike Kyrie Infinity Kids - Thiet ke cao cap tu Nike, hieu suat vuot troi va phong cach hien dai.',52,'2026-06-01 16:08:03'),(1514,'Nike KD 16 Kids',2400000,'/assets/products/kids/nike-product-034.jpg','kids',3.5,'Xanh Navy','30,31,32,33,34,35,36','shoes',0,0,'Nike KD 16 Kids - Thiet ke cao cap tu Nike, hieu suat vuot troi va phong cach hien dai.',124,'2026-06-01 16:08:03'),(1515,'Nike Zoom Freak 5 Kids',1800000,'/assets/products/kids/nike-product-035.jpg','kids',4.9,'Xanh Navy','30,31,32,33,34,35,36','shoes',1,0,'Nike Zoom Freak 5 Kids - Thiet ke cao cap tu Nike, hieu suat vuot troi va phong cach hien dai.',97,'2026-06-01 16:08:03'),(1516,'Nike Court Borough Mid Kids',2800000,'/assets/products/kids/nike-product-036.jpg','kids',4.4,'Xám','30,31,32,33,34,35,36','shoes',0,15,'Nike Court Borough Mid Kids - Thiet ke cao cap tu Nike, hieu suat vuot troi va phong cach hien dai.',140,'2026-06-01 16:08:03'),(1517,'Nike Air Max SC Kids',2700000,'/assets/products/kids/nike-product-037.jpg','kids',4.2,'Xám','30,31,32,33,34,35,36','shoes',0,20,'Nike Air Max SC Kids - Thiet ke cao cap tu Nike, hieu suat vuot troi va phong cach hien dai.',93,'2026-06-01 16:08:03'),(1518,'Nike Air Force 1 LE',1600000,'/assets/products/kids/nike-product-038.jpg','kids',4.0,'Đen','30,31,32,33,34,35,36','shoes',0,0,'Nike Air Force 1 LE - Thiet ke cao cap tu Nike, hieu suat vuot troi va phong cach hien dai.',49,'2026-06-01 16:08:03'),(1519,'Nike Dunk Low',2100000,'/assets/products/kids/nike-product-039.jpg','kids',4.4,'Xám','30,31,32,33,34,35,36','shoes',1,10,'Nike Dunk Low - Thiet ke cao cap tu Nike, hieu suat vuot troi va phong cach hien dai.',156,'2026-06-01 16:08:03'),(1520,'Nike Air Max 270 GO',2500000,'/assets/products/kids/nike-revolution-kids-043.jpg','kids',4.8,'Cam','30,31,32,33,34,35,36','shoes',1,0,'Nike Air Max 270 GO - Thiet ke cao cap tu Nike, hieu suat vuot troi va phong cach hien dai.',71,'2026-06-01 16:08:03'),(1521,'Nike Revolution 6 FlyEase',3200000,'/assets/products/kids/nike-star-runner-kids-044.jpg','kids',4.0,'Đỏ','30,31,32,33,34,35,36','shoes',0,20,'Nike Revolution 6 FlyEase - Thiet ke cao cap tu Nike, hieu suat vuot troi va phong cach hien dai.',60,'2026-06-01 16:08:03'),(1522,'Nike Star Runner 4',2900000,'/assets/products/kids/summer-essentials-015.jpg','kids',5.0,'Xanh lá','30,31,32,33,34,35,36','shoes',1,20,'Nike Star Runner 4 - Thiet ke cao cap tu Nike, hieu suat vuot troi va phong cach hien dai.',39,'2026-06-01 16:08:03'),(1523,'Nike Brasilia Training Duffel Bag Men',1200000,'/assets/products/men/bags/men-bags(1).png','men',4.5,'Đen','One Size','bags',1,0,'Túi tập luyện Nike Brasilia - Ngăn chứa rộng rãi, chất liệu bền bỉ, phù hợp gym và du lịch ngắn ngày.',85,'2026-06-04 07:20:41'),(1524,'Nike Heritage Crossbody Bag Men',650000,'/assets/products/men/bags/men-bags(2).png','men',4.3,'Xám','One Size','bags',0,10,'Túi đeo chéo Nike Heritage - Nhỏ gọn, tiện lợi mang theo đồ cá nhân hàng ngày.',120,'2026-06-04 07:20:41'),(1525,'Nike Elemental Premium Backpack Men',1500000,'/assets/products/men/bags/men-bags(3).png','men',4.6,'Xanh Navy','One Size','bags',1,0,'Balo Nike Elemental Premium - Thiết kế cao cấp, nhiều ngăn, phù hợp đi học và đi làm.',70,'2026-06-04 07:20:41'),(1526,'Nike Academy Team Gym Sack Men',450000,'/assets/products/men/bags/men-bags(4).png','men',4.2,'Đen','One Size','bags',0,0,'Túi rút Nike Academy - Nhẹ nhàng, dễ mang, lý tưởng cho tập luyện nhanh.',150,'2026-06-04 07:20:41'),(1527,'Nike Sportswear RPM Backpack Men',2200000,'/assets/products/men/bags/men-bags(5).png','men',4.7,'Đen','One Size','bags',1,0,'Balo Nike RPM - Thiết kế skateboard-inspired, chống nước, nhiều ngăn tiện ích.',55,'2026-06-04 07:20:41'),(1528,'Nike Utility Speed Training Backpack Men',1800000,'/assets/products/men/bags/men-bags(6).png','men',4.4,'Xám','One Size','bags',0,15,'Balo Nike Utility Speed - Dành cho vận động viên, ngăn giày riêng, chống thấm nước.',65,'2026-06-04 07:20:41'),(1529,'Nike Hoops Elite Pro Basketball Backpack Men',2500000,'/assets/products/men/bags/men-bags(7).png','men',4.8,'Đen','One Size','bags',1,0,'Balo bóng rổ Nike Hoops Elite Pro - Ngăn đựng bóng, laptop, giày chuyên dụng.',40,'2026-06-04 07:20:41'),(1530,'Nike Tech Hip Pack Men',800000,'/assets/products/men/bags/men-bags(8).png','men',4.3,'Xanh','One Size','bags',0,5,'Túi đeo hông Nike Tech - Phong cách đường phố, gọn nhẹ, tiện lợi.',100,'2026-06-04 07:20:41'),(1531,'Nike Stash Tote Bag Men',600000,'/assets/products/men/bags/men-bags(9).png','men',4.1,'Trắng','One Size','bags',0,0,'Túi tote Nike Stash - Gập gọn được, thân thiện môi trường, bền bỉ.',130,'2026-06-04 07:20:41'),(1532,'Nike Dri-FIT Club Unstructured Cap Men',550000,'/assets/products/men/cap/men-cap(1).png','men',4.4,'Đen','One Size','cap',1,0,'Mũ Nike Dri-FIT Club - Công nghệ thoát ẩm, kiểu dáng thoải mái, phù hợp mọi hoạt động.',120,'2026-06-04 07:20:41'),(1533,'Nike Sportswear Heritage86 Futura Cap Men',450000,'/assets/products/men/cap/men-cap(2).png','men',4.2,'Trắng','One Size','cap',0,0,'Mũ Nike Heritage86 - Logo Futura thêu, khóa điều chỉnh phía sau.',140,'2026-06-04 07:20:41'),(1534,'Nike ACG Therma-FIT Fly Cap Men',750000,'/assets/products/men/cap/men-cap(3).png','men',4.5,'Xanh lá','One Size','cap',1,0,'Mũ Nike ACG Therma-FIT - Giữ ấm tối ưu, thiết kế outdoor chuyên nghiệp.',65,'2026-06-04 07:20:41'),(1535,'Nike Club Swoosh Bucket Hat Men',650000,'/assets/products/men/cap/men-cap(4).png','men',4.3,'Đen','One Size','cap',0,10,'Mũ bucket Nike Club Swoosh - Phong cách retro, che nắng tốt, cotton mềm mại.',90,'2026-06-04 07:20:41'),(1536,'Nike Aerobill Legacy91 Golf Cap Men',600000,'/assets/products/men/cap/men-cap(5).png','men',4.6,'Trắng','One Size','cap',0,0,'Mũ golf Nike Aerobill - Nhẹ, thoáng khí, Dri-FIT thoát mồ hôi nhanh.',100,'2026-06-04 07:20:41'),(1537,'Nike Pro Dri-FIT Flex Cap Men',500000,'/assets/products/men/cap/men-cap(6).png','men',4.4,'Xám','One Size','cap',0,5,'Mũ Nike Pro Flex - Thiết kế flex-fit ôm đầu, lý tưởng cho tập luyện.',110,'2026-06-04 07:20:41'),(1538,'Nike SB Skate Trucker Hat Men',550000,'/assets/products/men/cap/men-cap(7).png','men',4.3,'Xanh Navy','One Size','cap',1,0,'Mũ trucker Nike SB - Lưới thoáng phía sau, phong cách skate đường phố.',80,'2026-06-04 07:20:41'),(1539,'Nike Air Classic99 Snapback Men',700000,'/assets/products/men/cap/men-cap(8).png','men',4.5,'Đỏ','One Size','cap',0,0,'Mũ snapback Nike Air - Logo Air thêu, vành phẳng, phong cách streetwear.',75,'2026-06-04 07:20:41'),(1540,'Nike Running Aerobill Tailwind Cap Men',500000,'/assets/products/men/cap/men-cap(9).png','men',4.4,'Cam','One Size','cap',0,15,'Mũ chạy bộ Nike Tailwind - Siêu nhẹ, phản quang an toàn ban đêm.',95,'2026-06-04 07:20:41'),(1541,'Nike Fundamental Training Gloves Men',700000,'/assets/products/men/equipment/men-equipment(1).png','men',4.5,'Đen','One Size','equipment',1,0,'Găng tay tập luyện Nike Fundamental - Đệm lòng bàn tay, thoáng khí, bám chắc.',90,'2026-06-04 07:20:41'),(1542,'Nike Essential Fitness Mat Men',1100000,'/assets/products/men/equipment/men-equipment(2).png','men',4.6,'Xám','One Size','equipment',0,0,'Thảm tập Nike Essential - Dày 8mm, chống trượt, bền bỉ cho mọi bài tập.',60,'2026-06-04 07:20:41'),(1543,'Nike Recovery Foam Roller Men',900000,'/assets/products/men/equipment/men-equipment(3).png','men',4.3,'Đen','One Size','equipment',0,10,'Con lăn phục hồi Nike - Giảm đau cơ, tăng tuần hoàn máu sau tập luyện.',80,'2026-06-04 07:20:41'),(1544,'Nike Intensity Training Knee Sleeve Men',600000,'/assets/products/men/equipment/men-equipment(4).png','men',4.4,'Đen','One Size','equipment',0,0,'Đai bảo vệ đầu gối Nike Intensity - Hỗ trợ khớp gối, giảm chấn thương.',100,'2026-06-04 07:20:41'),(1545,'Nike Tech Fleece Full-Zip Hoodie Men',3200000,'/assets/products/men/hoodie/men-hoodie(1).png','men',4.8,'Đen','S,M,L,XL,XXL','hoodie',1,0,'Áo hoodie Nike Tech Fleece Full-Zip - Công nghệ fleece tiên tiến, ấm áp nhẹ nhàng, kiểu dáng hiện đại.',70,'2026-06-04 07:20:41'),(1546,'Nike Sportswear Club Pullover Hoodie Men',1800000,'/assets/products/men/hoodie/men-hoodie(2).png','men',4.5,'Xám','S,M,L,XL,XXL','hoodie',0,10,'Áo hoodie Nike Club Pullover - Cotton pha fleece mềm mại, phong cách casual hàng ngày.',100,'2026-06-04 07:20:41'),(1547,'Nike Therma-FIT Training Hoodie Men',2500000,'/assets/products/men/hoodie/men-hoodie(3).png','men',4.6,'Xanh Navy','S,M,L,XL,XXL','hoodie',1,0,'Áo hoodie Nike Therma-FIT - Giữ ấm cơ thể, thoát ẩm nhanh, lý tưởng cho tập luyện mùa đông.',65,'2026-06-04 07:20:41'),(1548,'Nike Dri-FIT Standard Issue Hoodie Men',2200000,'/assets/products/men/hoodie/men-hoodie(4).png','men',4.4,'Trắng','S,M,L,XL,XXL','hoodie',0,0,'Áo hoodie Nike Standard Issue - Phong cách bóng rổ, Dri-FIT thoát mồ hôi hiệu quả.',80,'2026-06-04 07:20:41'),(1549,'Nike Air French Terry Hoodie Men',2000000,'/assets/products/men/hoodie/men-hoodie(5).png','men',4.3,'Xanh lá','S,M,L,XL,XXL','hoodie',0,15,'Áo hoodie Nike Air - Chất liệu French Terry mềm mại, logo Air nổi bật.',90,'2026-06-04 07:20:41'),(1550,'Nike ACG Therma-FIT Pullover Men',3500000,'/assets/products/men/hoodie/men-hoodie(6).png','men',4.7,'Cam','S,M,L,XL,XXL','hoodie',1,0,'Áo hoodie Nike ACG Therma-FIT - Thiết kế outdoor, chống gió, giữ ấm tối ưu.',45,'2026-06-04 07:20:41'),(1551,'Nike Solo Swoosh Fleece Hoodie Men',1500000,'/assets/products/men/hoodie/men-hoodie(7).png','men',4.4,'Đen','S,M,L,XL,XXL','hoodie',0,5,'Áo hoodie Nike Solo Swoosh - Tối giản, logo Swoosh nhỏ, fleece dày dặn.',110,'2026-06-04 07:20:41'),(1552,'Nike Sportswear Phoenix Hoodie Men',2800000,'/assets/products/men/hoodie/men-hoodie(8).png','men',4.6,'Tím','S,M,L,XL,XXL','hoodie',0,0,'Áo hoodie Nike Phoenix - Oversize trendy, chất liệu fleece cao cấp, cực thoải mái.',55,'2026-06-04 07:20:41'),(1553,'Nike Starting Five Basketball Hoodie Men',2400000,'/assets/products/men/hoodie/men-hoodie(9).png','men',4.5,'Đỏ','S,M,L,XL,XXL','hoodie',1,0,'Áo hoodie Nike Starting Five - Thiết kế bóng rổ, Dri-FIT thoáng mát, phong cách sân đấu.',60,'2026-06-04 07:20:41'),(1554,'Nike Windrunner Running Jacket Men',2800000,'/assets/products/men/jacket/men-jacket(1).png','men',4.7,'Xanh','S,M,L,XL,XXL','jacket',1,0,'Áo khoác Nike Windrunner - Chống gió, nhẹ, thiết kế biểu tượng với chevron ngực.',65,'2026-06-04 07:20:41'),(1555,'Nike Sportswear Tech Woven Jacket Men',3500000,'/assets/products/men/jacket/men-jacket(2).png','men',4.6,'Đen','S,M,L,XL,XXL','jacket',1,0,'Áo khoác Nike Tech Woven - Vải dệt cao cấp, kiểu dáng hiện đại, nhiều ngăn túi tiện ích.',50,'2026-06-04 07:20:41'),(1556,'Nike Storm-FIT ADV Running Jacket Men',4200000,'/assets/products/men/jacket/men-jacket(3).png','men',4.8,'Xám','S,M,L,XL,XXL','jacket',1,0,'Áo khoác Nike Storm-FIT ADV - Chống nước tuyệt đối, thoáng khí, dành cho chạy bộ mưa gió.',35,'2026-06-04 07:20:41'),(1557,'Nike Therma-FIT Repel Synthetic Fill Men',3800000,'/assets/products/men/jacket/men-jacket(4).png','men',4.5,'Đen','S,M,L,XL,XXL','jacket',0,10,'Áo khoác Nike Therma-FIT Repel - Lớp lót tổng hợp giữ ấm, chống nước nhẹ.',55,'2026-06-04 07:20:41'),(1558,'Nike Unlimited Flash Running Vest Men',2000000,'/assets/products/men/jacket/men-jacket(5).png','men',4.4,'Xanh lá','S,M,L,XL,XXL','jacket',0,0,'Áo gile Nike Unlimited Flash - Phản quang 360°, nhẹ, lý tưởng chạy bộ ban đêm.',70,'2026-06-04 07:20:41'),(1559,'Nike ACG Sierra Light Jacket Men',4500000,'/assets/products/men/jacket/men-jacket(6).png','men',4.9,'Cam','S,M,L,XL,XXL','jacket',1,0,'Áo khoác Nike ACG Sierra - Thiết kế leo núi, chống thấm GORE-TEX, bền bỉ outdoor.',30,'2026-06-04 07:20:41'),(1560,'Nike Trail GORE-TEX Infinium Jacket Men',4800000,'/assets/products/men/jacket/men-jacket(7).png','men',4.8,'Xanh Navy','S,M,L,XL,XXL','jacket',0,0,'Áo khoác Nike Trail GORE-TEX - Chống gió tuyệt đối, thoáng khí, dành cho trail running.',25,'2026-06-04 07:20:41'),(1561,'Nike Sportswear Club Fleece Joggers Men',1400000,'/assets/products/men/pants/men-pants(1).png','men',4.5,'Xám','S,M,L,XL,XXL','pants',0,0,'Quần jogger Nike Club Fleece - Cotton pha fleece mềm mại, bo gấu thoải mái.',120,'2026-06-04 07:20:41'),(1562,'Nike Tech Fleece Slim Fit Pants Men',2500000,'/assets/products/men/pants/men-pants(2).png','men',4.7,'Đen','S,M,L,XL,XXL','pants',1,0,'Quần Nike Tech Fleece Slim - Dáng slim hiện đại, công nghệ fleece giữ ấm nhẹ nhàng.',80,'2026-06-04 07:20:41'),(1563,'Nike Dri-FIT Training Pants Men',1800000,'/assets/products/men/pants/men-pants(3).png','men',4.4,'Đen','S,M,L,XL,XXL','pants',0,10,'Quần tập luyện Nike Dri-FIT - Thoát ẩm nhanh, co giãn 4 chiều, thoải mái vận động.',100,'2026-06-04 07:20:41'),(1564,'Nike Therma-FIT Tapered Pants Men',2000000,'/assets/products/men/pants/men-pants(4).png','men',4.5,'Xanh Navy','S,M,L,XL,XXL','pants',1,0,'Quần Nike Therma-FIT Tapered - Giữ ấm, dáng suông nhỏ dần, phong cách thể thao.',75,'2026-06-04 07:20:41'),(1565,'Nike Sportswear Woven Cargo Pants Men',2200000,'/assets/products/men/pants/men-pants(5).png','men',4.3,'Xanh lá','S,M,L,XL,XXL','pants',0,0,'Quần cargo Nike Sportswear - Nhiều túi hộp, vải dệt bền, phong cách utility.',60,'2026-06-04 07:20:41'),(1566,'Nike Solo Swoosh Fleece Pants Men',1600000,'/assets/products/men/pants/men-pants(6).png','men',4.4,'Trắng','S,M,L,XL,XXL','pants',0,5,'Quần Nike Solo Swoosh - Tối giản, fleece dày, logo Swoosh nhỏ tinh tế.',90,'2026-06-04 07:20:41'),(1567,'Nike Unlimited Dri-FIT Versatile Pants Men',1900000,'/assets/products/men/pants/men-pants(7).png','men',4.6,'Xám','S,M,L,XL,XXL','pants',1,0,'Quần Nike Unlimited - Dri-FIT thoát ẩm, co giãn linh hoạt, từ gym đến đường phố.',70,'2026-06-04 07:20:41'),(1568,'Nike Air Max Woven Pants Men',2400000,'/assets/products/men/pants/men-pants(8).png','men',4.5,'Đen','S,M,L,XL,XXL','pants',0,15,'Quần woven Nike Air Max - Vải dệt nhẹ, phong cách Air Max đặc trưng.',55,'2026-06-04 07:20:41'),(1569,'Nike Dri-FIT Primary Training Tee Men',800000,'/assets/products/men/shirt/men-shirt(1).png','men',4.4,'Đen','S,M,L,XL,XXL','shirt',1,0,'Áo tập Nike Dri-FIT Primary - Thoát ẩm nhanh, nhẹ, thoải mái cho mọi bài tập.',150,'2026-06-04 07:20:41'),(1570,'Nike Sportswear Club T-Shirt Men',600000,'/assets/products/men/shirt/men-shirt(2).png','men',4.3,'Trắng','S,M,L,XL,XXL','shirt',0,0,'Áo thun Nike Club - Cotton mềm mại, logo Swoosh thêu, phong cách everyday.',180,'2026-06-04 07:20:41'),(1571,'Nike Pro Dri-FIT Slim Fit Tee Men',900000,'/assets/products/men/shirt/men-shirt(3).png','men',4.5,'Xám','S,M,L,XL,XXL','shirt',0,10,'Áo Nike Pro Dri-FIT - Dáng slim ôm người, thoát mồ hôi, base layer hoàn hảo.',130,'2026-06-04 07:20:41'),(1572,'Nike Running Breathe Rise 365 Tee Men',1100000,'/assets/products/men/shirt/men-shirt(4).png','men',4.6,'Xanh','S,M,L,XL,XXL','shirt',1,0,'Áo chạy bộ Nike Rise 365 - Siêu nhẹ, lưới thoáng khí, hoàn hảo cho long run.',90,'2026-06-04 07:20:41'),(1573,'Nike ACG Dri-FIT ADV UV Tee Men',1300000,'/assets/products/men/shirt/men-shirt(5).png','men',4.4,'Xanh lá','S,M,L,XL,XXL','shirt',1,0,'Áo Nike ACG UV - Chống tia UV, Dri-FIT ADV cao cấp, thiết kế outdoor.',70,'2026-06-04 07:20:41'),(1574,'Nike Sportswear Premium Essentials Tee Men',700000,'/assets/products/men/shirt/men-shirt(6).png','men',4.3,'Đen','S,M,L,XL,XXL','shirt',0,5,'Áo thun Nike Premium Essential - Cotton dày dặn, oversized, chất lượng cao.',160,'2026-06-04 07:20:41'),(1575,'Nike Dri-FIT Legend Training Tee Men',750000,'/assets/products/men/shirt/men-shirt(7).png','men',4.4,'Đỏ','S,M,L,XL,XXL','shirt',0,0,'Áo tập Nike Legend - Dri-FIT thoát ẩm, bền bỉ qua nhiều lần giặt.',140,'2026-06-04 07:20:41'),(1576,'Nike Air Max Day Graphic Tee Men',850000,'/assets/products/men/shirt/men-shirt(8).png','men',4.2,'Trắng','S,M,L,XL,XXL','shirt',0,0,'Áo thun Nike Air Max Day - In graphic Air Max độc đáo, cotton 100%.',100,'2026-06-04 07:20:41'),(1577,'Nike SB Logo Skate T-Shirt Men',650000,'/assets/products/men/shirt/men-shirt(9).png','men',4.3,'Cam','S,M,L,XL,XXL','shirt',0,10,'Áo thun Nike SB - Logo SB cổ điển, dành cho skater, cotton thoải mái.',120,'2026-06-04 07:20:41'),(1578,'Nike Dri-FIT Challenger 7in Shorts Men',900000,'/assets/products/men/shorts/men-shorts(1).png','men',4.5,'Đen','S,M,L,XL,XXL','shorts',1,0,'Quần short Nike Challenger 7\" - Dri-FIT thoát ẩm, lót brief bên trong, chạy bộ chuyên dụng.',120,'2026-06-04 07:20:41'),(1579,'Nike Sportswear Club Fleece Shorts Men',800000,'/assets/products/men/shorts/men-shorts(2).png','men',4.3,'Xám','S,M,L,XL,XXL','shorts',0,0,'Quần short Nike Club Fleece - Cotton pha fleece mềm mại, thư giãn thoải mái.',140,'2026-06-04 07:20:41'),(1580,'Nike Flex Stride 5in Running Shorts Men',1000000,'/assets/products/men/shorts/men-shorts(3).png','men',4.6,'Xanh','S,M,L,XL,XXL','shorts',1,0,'Quần short Nike Flex Stride 5\" - Co giãn linh hoạt, nhẹ, thoáng khí khi chạy.',100,'2026-06-04 07:20:41'),(1581,'Nike Pro Dri-FIT Flex Rep Shorts Men',850000,'/assets/products/men/shorts/men-shorts(4).png','men',4.4,'Đen','S,M,L,XL,XXL','shorts',0,10,'Quần short Nike Pro Flex Rep - Tập luyện đa năng, co giãn 4 chiều.',110,'2026-06-04 07:20:41'),(1582,'Nike Trail Second Sunrise Shorts Men',1200000,'/assets/products/men/shorts/men-shorts(5).png','men',4.5,'Xanh lá','S,M,L,XL,XXL','shorts',1,0,'Quần short Nike Trail - Thiết kế trail running, túi đựng gel, vải bền bỉ.',75,'2026-06-04 07:20:41'),(1583,'Nike Unlimited 7in Versatile Shorts Men',950000,'/assets/products/men/shorts/men-shorts(6).png','men',4.3,'Xanh Navy','S,M,L,XL,XXL','shorts',0,5,'Quần short Nike Unlimited - Đa năng từ gym đến đường phố, Dri-FIT thoát ẩm.',95,'2026-06-04 07:20:41'),(1584,'Nike Starting Five Basketball Shorts Men',1100000,'/assets/products/men/shorts/men-shorts(7).png','men',4.6,'Trắng','S,M,L,XL,XXL','shorts',0,0,'Quần short Nike Starting Five - Phong cách bóng rổ, vải mesh thoáng mát.',85,'2026-06-04 07:20:41'),(1585,'Nike Swim Volley 7in Board Shorts Men',750000,'/assets/products/men/shorts/men-shorts(8).png','men',4.2,'Cam','S,M,L,XL,XXL','shorts',0,15,'Quần bơi Nike Volley - Nhanh khô, lưng thun thoải mái, phong cách biển.',129,'2026-06-04 07:20:41'),(1586,'Nike Everyday Cushioned Crew Socks Men',350000,'/assets/products/men/socks/men-socks(1).png','men',4.3,'Trắng','One Size','socks',0,0,'Tất Nike Everyday Cushioned - Đệm dày êm chân, cotton thoáng khí, bộ 3 đôi.',199,'2026-06-04 07:20:41'),(1587,'Nike Dri-FIT Trail Running Crew Socks Men',400000,'/assets/products/men/socks/men-socks(2).png','men',4.5,'Đen','One Size','socks',1,0,'Tất chạy trail Nike Dri-FIT - Đệm vùng gót và mũi chân, chống phồng rộp.',149,'2026-06-04 07:20:41'),(1588,'Nike Everyday Plus Lightweight No-Show Men',300000,'/assets/products/men/socks/men-socks(3).png','men',4.2,'Trắng','One Size','socks',0,10,'Tất ẩn Nike No-Show - Siêu nhẹ, silicon chống tuột, hoàn hảo với sneaker.',250,'2026-06-04 07:20:41'),(1589,'Nike Elite Basketball Crew Socks Men',450000,'/assets/products/men/socks/men-socks(4).png','men',4.6,'Đen','One Size','socks',1,0,'Tất bóng rổ Nike Elite - Đệm vùng tác động, hỗ trợ vòm chân, Dri-FIT.',119,'2026-06-04 07:20:41'),(1590,'Nike Spark Cushioned Ankle Socks Men',350000,'/assets/products/men/socks/men-socks(5).png','men',4.3,'Xám','One Size','socks',0,0,'Tất cổ ngắn Nike Spark - Đệm nhẹ, chạy bộ thoải mái, thoáng khí.',180,'2026-06-04 07:20:41'),(1591,'Nike ACG Outdoor Cushioned Crew Socks Men',500000,'/assets/products/men/socks/men-socks(6).png','men',4.4,'Xanh lá','One Size','socks',0,5,'Tất outdoor Nike ACG - Dày dặn, giữ ấm, chống mài mòn cho hiking.',99,'2026-06-04 07:20:41'),(1592,'Nike One Training Tote Bag Women',1100000,'/assets/products/women/bags/women-bags(1).png','women',4.5,'Đen','One Size','bags',1,0,'Túi tote Nike One - Rộng rãi, phong cách tối giản, lý tưởng cho gym và yoga.',85,'2026-06-04 07:20:41'),(1593,'Nike Sportswear Futura 365 Crossbody Women',700000,'/assets/products/women/bags/women-bags(2).png','women',4.3,'Hồng','One Size','bags',0,0,'Túi đeo chéo Nike Futura 365 - Nhỏ gọn, nữ tính, đủ chỗ cho điện thoại và ví.',120,'2026-06-04 07:20:41'),(1594,'Nike Gym Club Duffel Bag Women',1400000,'/assets/products/women/bags/women-bags(3).png','women',4.6,'Tím','One Size','bags',1,0,'Túi duffel Nike Gym Club - Ngăn giày riêng, chống nước nhẹ, dung tích 24L.',70,'2026-06-04 07:20:41'),(1595,'Nike Sportswear RPM Backpack Women',2000000,'/assets/products/women/bags/women-bags(4).png','women',4.7,'Đen','One Size','bags',1,0,'Balo Nike RPM Women - Thiết kế urban, nhiều ngăn, laptop 15 inch, vải bền.',55,'2026-06-04 07:20:41'),(1596,'Nike Radiate Training Club Bag Women',1300000,'/assets/products/women/bags/women-bags(5).png','women',4.4,'Xanh','One Size','bags',0,10,'Túi tập Nike Radiate - Dáng tròn đặc trưng, mang vai hoặc xách tay.',80,'2026-06-04 07:20:41'),(1597,'Nike Brasilia JDI Mini Backpack Women',800000,'/assets/products/women/bags/women-bags(6).png','women',4.3,'Hồng','One Size','bags',0,0,'Balo mini Nike Brasilia JDI - Nhỏ xinh, đi chơi, đi học, đựng đồ cần thiết.',110,'2026-06-04 07:20:41'),(1598,'Nike Yoga Tote Bag Women',950000,'/assets/products/women/bags/women-bags(7).png','women',4.5,'Xám','One Size','bags',0,5,'Túi yoga Nike - Ngăn đựng thảm yoga, túi trong chống ướt, thiết kế thanh lịch.',75,'2026-06-04 07:20:41'),(1599,'Nike Tech Crossbody Bag Women',850000,'/assets/products/women/bags/women-bags(8).png','women',4.2,'Đen','One Size','bags',0,0,'Túi đeo chéo Nike Tech - Phong cách tech-wear, nhiều ngăn nhỏ tiện ích.',100,'2026-06-04 07:20:41'),(1600,'Nike Heritage Small Hip Pack Women',600000,'/assets/products/women/bags/women-bags(9).png','women',4.3,'Trắng','One Size','bags',0,15,'Túi đeo hông Nike Heritage - Gọn nhẹ, phong cách retro, đeo chéo hoặc quanh eo.',130,'2026-06-04 07:20:41'),(1601,'Nike Stash Shopper Tote Women',550000,'/assets/products/women/bags/women-bags(10).png','women',4.1,'Xanh lá','One Size','bags',0,0,'Túi tote Nike Stash Shopper - Gập gọn, bền, thân thiện môi trường.',140,'2026-06-04 07:20:41'),(1602,'Nike One Luxe Training Bag Women',1800000,'/assets/products/women/bags/women-bags(11).png','women',4.6,'Đen','One Size','bags',1,0,'Túi tập Nike One Luxe - Cao cấp, chất liệu premium, ngăn chứa thông minh.',45,'2026-06-04 07:20:41'),(1603,'Nike Dri-FIT Club Unstructured Cap Women',500000,'/assets/products/women/cap/women-cap(1).png','women',4.4,'Trắng','One Size','cap',1,0,'Mũ Nike Dri-FIT Club Women - Thoát ẩm, kiểu dáng mềm mại, phù hợp mọi trang phục.',120,'2026-06-04 07:20:41'),(1604,'Nike Sportswear Heritage86 Cap Women',400000,'/assets/products/women/cap/women-cap(2).png','women',4.2,'Hồng','One Size','cap',0,0,'Mũ Nike Heritage86 Women - Logo Swoosh thêu, cotton mềm, điều chỉnh dễ dàng.',150,'2026-06-04 07:20:41'),(1605,'Nike ACG Fly Cap Women',700000,'/assets/products/women/cap/women-cap(3).png','women',4.5,'Xanh','One Size','cap',1,0,'Mũ Nike ACG Fly Women - Phong cách outdoor, chống nắng, thoáng khí.',70,'2026-06-04 07:20:41'),(1606,'Nike Aerobill Running Visor Women',450000,'/assets/products/women/cap/women-cap(4).png','women',4.3,'Trắng','One Size','cap',0,10,'Visor Nike Aerobill Women - Thoáng đầu, thoát mồ hôi, chạy bộ chuyên dụng.',100,'2026-06-04 07:20:41'),(1607,'Nike Club Swoosh Bucket Hat Women',600000,'/assets/products/women/cap/women-cap(5).png','women',4.4,'Tím','One Size','cap',0,0,'Mũ bucket Nike Club Women - Phong cách Y2K, cotton mềm, che nắng toàn diện.',85,'2026-06-04 07:20:41'),(1608,'Nike Running AeroBill Tailwind Cap Women',500000,'/assets/products/women/cap/women-cap(6).png','women',4.3,'Cam','One Size','cap',0,5,'Mũ chạy bộ Nike Tailwind Women - Siêu nhẹ, Dri-FIT, phản quang an toàn.',95,'2026-06-04 07:20:41'),(1609,'Nike Pro Dri-FIT Flex Cap Women',550000,'/assets/products/women/cap/women-cap(7).png','women',4.5,'Đen','One Size','cap',1,0,'Mũ Nike Pro Flex Women - Ôm đầu thoải mái, tập luyện không lo tuột.',80,'2026-06-04 07:20:41'),(1610,'Nike H86 Futura Classic Cap Women',400000,'/assets/products/women/cap/women-cap(8).png','women',4.2,'Xám','One Size','cap',0,0,'Mũ Nike H86 Classic Women - Kiểu dáng cổ điển, cotton 100%, mọi ngày đều đẹp.',130,'2026-06-04 07:20:41'),(1611,'Nike Featherlight Running Cap Women',650000,'/assets/products/women/cap/women-cap(9).png','women',4.6,'Hồng','One Size','cap',0,15,'Mũ Nike Featherlight Women - Siêu nhẹ như lông vũ, Dri-FIT, thoáng khí tối đa.',90,'2026-06-04 07:20:41'),(1612,'Nike Mastery Yoga Block Women',500000,'/assets/products/women/equipment/women-equipment(1).png','women',4.4,'Tím','One Size','equipment',0,0,'Khối yoga Nike Mastery - Bọt EVA nhẹ, hỗ trợ tư thế yoga, chống trượt.',100,'2026-06-04 07:20:41'),(1613,'Nike Essential Resistance Loop Band Women',450000,'/assets/products/women/equipment/women-equipment(2).png','women',4.3,'Hồng','One Size','equipment',1,0,'Dây kháng lực Nike Essential - Bộ 3 mức lực, tập mông đùi hiệu quả.',120,'2026-06-04 07:20:41'),(1614,'Nike Training Mat 2.0 Women',1000000,'/assets/products/women/equipment/women-equipment(3).png','women',4.6,'Đen','One Size','equipment',0,10,'Thảm tập Nike Training 2.0 - 6mm, chống trượt 2 mặt, bền bỉ, dễ vệ sinh.',65,'2026-06-04 07:20:41'),(1615,'Nike Recovery Massage Ball Set Women',600000,'/assets/products/women/equipment/women-equipment(4).png','women',4.5,'Xám','One Size','equipment',0,0,'Bộ bóng massage Nike Recovery - Bộ 3 kích cỡ, giảm đau cơ, tăng linh hoạt.',80,'2026-06-04 07:20:41'),(1616,'Nike Sportswear Phoenix Fleece Hoodie Women',2200000,'/assets/products/women/hoodie/women-hoodie(1).png','women',4.6,'Xám','S,M,L,XL,XXL','hoodie',1,0,'Áo hoodie Nike Phoenix Fleece Women - Oversize trendy, fleece dày mịn, cực thoải mái.',75,'2026-06-04 07:20:41'),(1617,'Nike Tech Fleece Windrunner Hoodie Women',3200000,'/assets/products/women/hoodie/women-hoodie(2).png','women',4.8,'Đen','S,M,L,XL,XXL','hoodie',1,0,'Áo hoodie Nike Tech Fleece Windrunner Women - Công nghệ fleece cao cấp, dáng ôm hiện đại.',55,'2026-06-04 07:20:41'),(1618,'Nike Dri-FIT One Pullover Hoodie Women',1800000,'/assets/products/women/hoodie/women-hoodie(3).png','women',4.4,'Trắng','S,M,L,XL,XXL','hoodie',0,0,'Áo hoodie Nike One Pullover Women - Dri-FIT thoát ẩm, dáng pullover năng động.',90,'2026-06-04 07:20:41'),(1619,'Nike Sportswear Club Fleece Crop Hoodie Women',1600000,'/assets/products/women/hoodie/women-hoodie(4).png','women',4.5,'Hồng','S,M,L,XL,XXL','hoodie',1,0,'Áo hoodie crop Nike Club Fleece Women - Dáng croptop thời trang, cotton fleece mềm.',80,'2026-06-04 07:20:41'),(1620,'Nike Yoga Dri-FIT Luxe Cover Up Women',2500000,'/assets/products/women/hoodie/women-hoodie(5).png','women',4.6,'Tím','S,M,L,XL,XXL','hoodie',0,10,'Áo hoodie yoga Nike Luxe Women - Chất liệu Luxe mềm mịn, thoáng khí, phong cách zen.',60,'2026-06-04 07:20:41'),(1621,'Nike Running Dri-FIT Swoosh Hoodie Women',2000000,'/assets/products/women/hoodie/women-hoodie(6).png','women',4.3,'Xanh','S,M,L,XL,XXL','hoodie',0,0,'Áo hoodie chạy bộ Nike Swoosh Women - Nhẹ, Dri-FIT, khóa kéo nửa tiện lợi.',85,'2026-06-04 07:20:41'),(1622,'Nike Air Oversized Fleece Hoodie Women',2800000,'/assets/products/women/hoodie/women-hoodie(7).png','women',4.7,'Đen','S,M,L,XL,XXL','hoodie',1,0,'Áo hoodie Nike Air Oversized Women - Logo Air lớn, oversized, streetwear cá tính.',50,'2026-06-04 07:20:41'),(1623,'Nike Solo Swoosh Fleece Hoodie Women',1500000,'/assets/products/women/hoodie/women-hoodie(8).png','women',4.4,'Cam','S,M,L,XL,XXL','hoodie',0,5,'Áo hoodie Nike Solo Swoosh Women - Tối giản, fleece ấm, mặc hàng ngày.',100,'2026-06-04 07:20:41'),(1624,'Nike Therma-FIT One Hoodie Women',2400000,'/assets/products/women/hoodie/women-hoodie(9).png','women',4.5,'Đỏ','S,M,L,XL,XXL','hoodie',0,0,'Áo hoodie Nike Therma-FIT One Women - Giữ ấm, thoát ẩm, tập luyện mùa lạnh.',65,'2026-06-04 07:20:41'),(1625,'Nike Windrunner BRS Running Jacket Women',2600000,'/assets/products/women/jacket/women-jacket(1).png','women',4.6,'Hồng','S,M,L,XL,XXL','jacket',1,0,'Áo khoác Nike Windrunner BRS Women - Phong cách retro running, chống gió, nhẹ nhàng.',65,'2026-06-04 07:20:41'),(1626,'Nike Swift UV Running Jacket Women',3000000,'/assets/products/women/jacket/women-jacket(2).png','women',4.5,'Trắng','S,M,L,XL,XXL','jacket',1,0,'Áo khoác Nike Swift UV Women - Chống tia UV, siêu nhẹ, chạy bộ ngoài trời an toàn.',50,'2026-06-04 07:20:41'),(1627,'Nike Storm-FIT ADV Run Division Jacket Women',4000000,'/assets/products/women/jacket/women-jacket(3).png','women',4.8,'Đen','S,M,L,XL,XXL','jacket',1,0,'Áo khoác Nike Storm-FIT ADV Women - Chống nước tuyệt đối, thoáng khí, chạy mưa gió.',35,'2026-06-04 07:20:41'),(1628,'Nike Therma-FIT Synthetic Fill Jacket Women',3500000,'/assets/products/women/jacket/women-jacket(4).png','women',4.5,'Tím','S,M,L,XL,XXL','jacket',0,10,'Áo khoác Nike Therma-FIT Women - Lớp lót tổng hợp giữ ấm, dáng nữ tính.',55,'2026-06-04 07:20:41'),(1629,'Nike Sportswear Essential Windrunner Women',2200000,'/assets/products/women/jacket/women-jacket(5).png','women',4.4,'Xanh lá','S,M,L,XL,XXL','jacket',0,0,'Áo khoác Nike Essential Windrunner Women - Chevron biểu tượng, chống gió, everyday style.',70,'2026-06-04 07:20:41'),(1630,'Nike Trail GORE-TEX Infinium Jacket Women',4500000,'/assets/products/women/jacket/women-jacket(6).png','women',4.9,'Cam','S,M,L,XL,XXL','jacket',0,0,'Áo khoác Nike Trail GORE-TEX Women - Chống gió tuyệt đối, trail running cao cấp.',25,'2026-06-04 07:20:41'),(1631,'Nike Dri-FIT Running Division Vest Women',1800000,'/assets/products/women/jacket/women-jacket(7).png','women',4.3,'Đen','S,M,L,XL,XXL','jacket',0,15,'Áo gile Nike Running Division Women - Nhẹ, Dri-FIT, phản quang, chạy bộ linh hoạt.',80,'2026-06-04 07:20:41'),(1632,'Nike Sportswear Club Fleece Joggers Women',1300000,'/assets/products/women/pants/women-pants(1).png','women',4.4,'Xám','S,M,L,XL,XXL','pants',0,0,'Quần jogger Nike Club Fleece Women - Cotton pha fleece mềm, bo gấu, thoải mái cả ngày.',110,'2026-06-04 07:20:41'),(1633,'Nike Go Firm-Support Leggings Women',1800000,'/assets/products/women/pants/women-pants(2).png','women',4.7,'Đen','S,M,L,XL,XXL','pants',1,0,'Legging Nike Go Women - Hỗ trợ cơ tốt, cạp cao, Dri-FIT, chạy bộ và gym hoàn hảo.',80,'2026-06-04 07:20:41'),(1634,'Nike Pro 365 Leggings Women',1500000,'/assets/products/women/pants/women-pants(3).png','women',4.5,'Đen','S,M,L,XL,XXL','pants',0,10,'Legging Nike Pro 365 Women - Ôm người, Dri-FIT, base layer cho mọi bài tập.',100,'2026-06-04 07:20:41'),(1635,'Nike Yoga Dri-FIT High-Waisted Pants Women',2000000,'/assets/products/women/pants/women-pants(4).png','women',4.6,'Tím','S,M,L,XL,XXL','pants',1,0,'Quần yoga Nike Dri-FIT Women - Cạp cao, vải mềm mịn, thoải mái co giãn.',70,'2026-06-04 07:20:41'),(1636,'Nike Sportswear Woven Cargo Pants Women',2200000,'/assets/products/women/pants/women-pants(5).png','women',4.3,'Xanh','S,M,L,XL,XXL','pants',0,0,'Quần cargo Nike Sportswear Women - Túi hộp thời trang, vải dệt bền, streetwear cá tính.',60,'2026-06-04 07:20:41'),(1637,'Nike One Dri-FIT Mid-Rise Leggings Women',1600000,'/assets/products/women/pants/women-pants(6).png','women',4.5,'Xám','S,M,L,XL,XXL','pants',0,5,'Legging Nike One Women - Cạp vừa, Dri-FIT, đa năng cho yoga, gym, và chạy bộ.',90,'2026-06-04 07:20:41'),(1638,'Nike Phoenix Fleece Wide-Leg Sweatpants Women',1900000,'/assets/products/women/pants/women-pants(7).png','women',4.4,'Trắng','S,M,L,XL,XXL','pants',1,0,'Quần Nike Phoenix Wide-Leg Women - Ống rộng trendy, fleece dày, phong cách Y2K.',65,'2026-06-04 07:20:41'),(1639,'Nike Dri-FIT One Luxe Slim Fit Top Women',1000000,'/assets/products/women/shirt/women-shirt(1).png','women',4.5,'Đen','S,M,L,XL,XXL','shirt',1,0,'Áo Nike One Luxe Slim Women - Dri-FIT thoát ẩm, vải Luxe mềm mịn, dáng slim thanh lịch.',100,'2026-06-04 07:20:41'),(1640,'Nike Sportswear Essential T-Shirt Women',600000,'/assets/products/women/shirt/women-shirt(2).png','women',4.3,'Trắng','S,M,L,XL,XXL','shirt',0,0,'Áo thun Nike Essential Women - Cotton 100%, logo Swoosh thêu, phong cách casual.',160,'2026-06-04 07:20:41'),(1641,'Nike Air Dri-FIT Running Top Women',1200000,'/assets/products/women/shirt/women-shirt(3).png','women',4.6,'Hồng','S,M,L,XL,XXL','shirt',1,0,'Áo chạy bộ Nike Air Women - Dri-FIT, lưới thoáng, logo Air nổi bật.',80,'2026-06-04 07:20:41'),(1642,'Nike Pro Dri-FIT Crop Top Women',800000,'/assets/products/women/shirt/women-shirt(4).png','women',4.4,'Đen','S,M,L,XL,XXL','shirt',0,10,'Áo crop Nike Pro Women - Dáng crop ôm, Dri-FIT, base layer tập luyện.',120,'2026-06-04 07:20:41'),(1643,'Nike Yoga Dri-FIT Luxe Tank Women',900000,'/assets/products/women/shirt/women-shirt(5).png','women',4.5,'Tím','S,M,L,XL,XXL','shirt',1,0,'Áo tank yoga Nike Luxe Women - Vải Luxe siêu mềm, thoáng khí, yoga thoải mái.',90,'2026-06-04 07:20:41'),(1644,'Nike One Classic Breathe Tank Women',750000,'/assets/products/women/shirt/women-shirt(6).png','women',4.3,'Xanh','S,M,L,XL,XXL','shirt',0,0,'Áo tank Nike One Classic Women - Lưới thoáng khí, Dri-FIT, tập luyện mát mẻ.',130,'2026-06-04 07:20:41'),(1645,'Nike Dri-FIT UV One Luxe Tee Women',1100000,'/assets/products/women/shirt/women-shirt(7).png','women',4.6,'Cam','S,M,L,XL,XXL','shirt',0,5,'Áo thun Nike UV Luxe Women - Chống tia UV, Dri-FIT, chạy bộ ngoài trời an toàn.',75,'2026-06-04 07:20:41'),(1646,'Nike Running Dri-FIT Race Singlet Women',850000,'/assets/products/women/shirt/women-shirt(8).png','women',4.4,'Đỏ','S,M,L,XL,XXL','shirt',0,0,'Áo ba lỗ Nike Race Women - Siêu nhẹ, thoáng mát, chạy thi đấu chuyên nghiệp.',100,'2026-06-04 07:20:41'),(1647,'Nike ACG Dri-FIT ADV UV Top Women',1400000,'/assets/products/women/shirt/women-shirt(9).png','women',4.5,'Xanh lá','S,M,L,XL,XXL','shirt',1,0,'Áo Nike ACG ADV UV Women - Chống UV, outdoor chuyên nghiệp, Dri-FIT ADV cao cấp.',60,'2026-06-04 07:20:41'),(1648,'Nike Dri-FIT Mid-Rise Brief-Lined Shorts Women',800000,'/assets/products/women/shorts/women-shorts(1).png','women',4.4,'Đen','S,M,L,XL,XXL','shorts',1,0,'Quần short Nike Dri-FIT Women - Cạp vừa, lót brief bên trong, chạy bộ chuyên dụng.',110,'2026-06-04 07:20:41'),(1649,'Nike One Dri-FIT High-Waisted Shorts Women',900000,'/assets/products/women/shorts/women-shorts(2).png','women',4.5,'Xám','S,M,L,XL,XXL','shorts',0,0,'Quần short Nike One Women - Cạp cao, Dri-FIT, đa năng gym và yoga.',100,'2026-06-04 07:20:41'),(1650,'Nike Sportswear Club Fleece Shorts Women',750000,'/assets/products/women/shorts/women-shorts(3).png','women',4.3,'Hồng','S,M,L,XL,XXL','shorts',0,0,'Quần short Nike Club Fleece Women - Cotton fleece mềm mại, thư giãn thoải mái.',130,'2026-06-04 07:20:41'),(1651,'Nike Tempo Luxe Running Shorts Women',1000000,'/assets/products/women/shorts/women-shorts(4).png','women',4.6,'Xanh','S,M,L,XL,XXL','shorts',1,0,'Quần short Nike Tempo Luxe Women - Dri-FIT, xẻ bên thoáng, chạy bộ chuyên nghiệp.',85,'2026-06-04 07:20:41'),(1652,'Nike Pro 365 3in Shorts Women',700000,'/assets/products/women/shorts/women-shorts(5).png','women',4.3,'Đen','S,M,L,XL,XXL','shorts',0,10,'Quần short Nike Pro 3\" Women - Ôm người, Dri-FIT, base layer tập luyện cường độ cao.',120,'2026-06-04 07:20:41'),(1653,'Nike Trail Dri-FIT Running Shorts Women',1100000,'/assets/products/women/shorts/women-shorts(6).png','women',4.5,'Xanh lá','S,M,L,XL,XXL','shorts',1,0,'Quần short Nike Trail Women - Thiết kế trail running, túi đựng gel, vải bền bỉ.',70,'2026-06-04 07:20:41'),(1654,'Nike Fly Crossover Basketball Shorts Women',950000,'/assets/products/women/shorts/women-shorts(7).png','women',4.4,'Trắng','S,M,L,XL,XXL','shorts',0,5,'Quần short bóng rổ Nike Fly Women - Dáng rộng, mesh thoáng mát, sân đấu năng động.',90,'2026-06-04 07:20:41'),(1655,'Nike Flex Essential 2-in-1 Shorts Women',1200000,'/assets/products/women/shorts/women-shorts(8).png','women',4.6,'Đen','S,M,L,XL,XXL','shorts',0,0,'Quần short 2-in-1 Nike Flex Women - Lớp ngoài rộng, lớp lót ôm, thoải mái vận động.',65,'2026-06-04 07:20:41'),(1656,'Nike Swim Essential Cover-Up Shorts Women',650000,'/assets/products/women/shorts/women-shorts(9).png','women',4.2,'Cam','S,M,L,XL,XXL','shorts',0,15,'Quần short bơi Nike Essential Women - Nhanh khô, nhẹ, phong cách biển.',140,'2026-06-04 07:20:41'),(1657,'Nike Phoenix Fleece High-Waisted Shorts Women',850000,'/assets/products/women/shorts/women-shorts(10).png','women',4.4,'Tím','S,M,L,XL,XXL','shorts',1,0,'Quần short Nike Phoenix Women - Cạp cao, fleece dày, oversize trendy.',80,'2026-06-04 07:20:41'),(1658,'Nike Everyday Cushioned Crew Socks Women',350000,'/assets/products/women/socks/women-socks(1).png','women',4.3,'Trắng','One Size','socks',0,0,'Tất Nike Everyday Cushioned Women - Đệm dày êm chân, cotton thoáng khí, bộ 3 đôi.',200,'2026-06-04 07:20:41'),(1659,'Nike Sheer Ankle Socks Women',250000,'/assets/products/women/socks/women-socks(2).png','women',4.1,'Đen','One Size','socks',0,0,'Tất mỏng Nike Sheer Women - Siêu mỏng, thanh lịch, phù hợp giày sneaker thấp cổ.',180,'2026-06-04 07:20:41'),(1660,'Nike Spark Lightweight Running Crew Socks Women',400000,'/assets/products/women/socks/women-socks(3).png','women',4.5,'Hồng','One Size','socks',1,0,'Tất chạy bộ Nike Spark Women - Nhẹ, Dri-FIT, đệm vùng tác động, chống phồng rộp.',130,'2026-06-04 07:20:41'),(1661,'Nike Everyday Plus Cushioned No-Show Women',300000,'/assets/products/women/socks/women-socks(4).png','women',4.2,'Trắng','One Size','socks',0,10,'Tất ẩn Nike No-Show Women - Silicon chống tuột, đệm dày, hoàn hảo với sneaker.',220,'2026-06-04 07:20:41'),(1662,'Nike One Crew Training Socks Women',350000,'/assets/products/women/socks/women-socks(5).png','women',4.3,'Xám','One Size','socks',0,0,'Tất tập luyện Nike One Women - Hỗ trợ vòm chân, Dri-FIT thoát ẩm, bền bỉ.',150,'2026-06-04 07:20:41'),(1663,'Nike Yoga Grip Studio Socks Women',450000,'/assets/products/women/socks/women-socks(6).png','women',4.6,'Tím','One Size','socks',1,0,'Tất yoga Nike Grip Women - Gạch chống trượt dưới đế, tập yoga và pilates an toàn.',100,'2026-06-04 07:20:41'),(1664,'Nike Running Dri-FIT Multiplier Crew Women',400000,'/assets/products/women/socks/women-socks(7).png','women',4.4,'Đen','One Size','socks',0,5,'Tất chạy Nike Multiplier Women - Dri-FIT, đệm đa vùng, chạy bộ dài thoải mái.',140,'2026-06-04 07:20:41');
/*!40000 ALTER TABLE `products` ENABLE KEYS */;
UNLOCK TABLES;

--
-- Table structure for table `reviews`
--

DROP TABLE IF EXISTS `reviews`;
/*!40101 SET @saved_cs_client     = @@character_set_client */;
/*!50503 SET character_set_client = utf8mb4 */;
CREATE TABLE `reviews` (
  `id` int(11) NOT NULL AUTO_INCREMENT,
  `product_id` int(11) NOT NULL,
  `order_id` int(11) DEFAULT NULL,
  `user_id` int(11) DEFAULT NULL,
  `username` varchar(100) CHARACTER SET utf8mb4 COLLATE utf8mb4_unicode_ci DEFAULT NULL,
  `rating` int(11) NOT NULL DEFAULT 5,
  `comment` text NOT NULL,
  `created_at` timestamp NOT NULL DEFAULT current_timestamp(),
  PRIMARY KEY (`id`),
  KEY `fk_reviews_users` (`user_id`),
  KEY `fk_reviews_products` (`product_id`),
  KEY `fk_reviews_orders` (`order_id`),
  CONSTRAINT `fk_reviews_orders` FOREIGN KEY (`order_id`) REFERENCES `orders` (`id`) ON DELETE CASCADE,
  CONSTRAINT `fk_reviews_products` FOREIGN KEY (`product_id`) REFERENCES `products` (`id`) ON DELETE CASCADE,
  CONSTRAINT `fk_reviews_users` FOREIGN KEY (`user_id`) REFERENCES `users` (`id`) ON DELETE SET NULL,
  CONSTRAINT `reviews_ibfk_1` FOREIGN KEY (`product_id`) REFERENCES `products` (`id`) ON DELETE CASCADE
) ENGINE=InnoDB AUTO_INCREMENT=9 DEFAULT CHARSET=utf8mb4 COLLATE=utf8mb4_general_ci;
/*!40101 SET character_set_client = @saved_cs_client */;

--
-- Dumping data for table `reviews`
--

LOCK TABLES `reviews` WRITE;
/*!40000 ALTER TABLE `reviews` DISABLE KEYS */;
INSERT INTO `reviews` VALUES (8,1443,2,1,'admin',5,'tàm tạm','2026-06-04 02:35:28');
/*!40000 ALTER TABLE `reviews` ENABLE KEYS */;
UNLOCK TABLES;

--
-- Table structure for table `user_addresses`
--

DROP TABLE IF EXISTS `user_addresses`;
/*!40101 SET @saved_cs_client     = @@character_set_client */;
/*!50503 SET character_set_client = utf8mb4 */;
CREATE TABLE `user_addresses` (
  `id` int(11) NOT NULL AUTO_INCREMENT,
  `user_id` int(11) NOT NULL,
  `fullname` varchar(100) NOT NULL,
  `phone` varchar(20) NOT NULL,
  `province` varchar(100) DEFAULT NULL,
  `ward` varchar(100) DEFAULT NULL,
  `address` varchar(255) DEFAULT NULL,
  `full_address` varchar(255) DEFAULT NULL,
  `type` enum('home','office') DEFAULT 'home',
  `is_default` tinyint(1) NOT NULL DEFAULT 0,
  `created_at` timestamp NOT NULL DEFAULT current_timestamp(),
  PRIMARY KEY (`id`),
  KEY `fk_ua_user` (`user_id`),
  CONSTRAINT `fk_ua_user` FOREIGN KEY (`user_id`) REFERENCES `users` (`id`) ON DELETE CASCADE
) ENGINE=InnoDB AUTO_INCREMENT=3 DEFAULT CHARSET=utf8mb4 COLLATE=utf8mb4_unicode_ci;
/*!40101 SET character_set_client = @saved_cs_client */;

--
-- Dumping data for table `user_addresses`
--

LOCK TABLES `user_addresses` WRITE;
/*!40000 ALTER TABLE `user_addresses` DISABLE KEYS */;
INSERT INTO `user_addresses` VALUES (1,1,'Anh Tê','0977427155','Hưng Yên','Xã Đức Hợp','Thôn Kim Động','Thôn Kim Động, Xã Đức Hợp, Hưng Yên','home',1,'2026-06-04 03:37:29'),(2,1,'Anh Toàn','032946077','Bắc Ninh','Phường Việt Yên','Vi di ki','Vi di ki, Phường Việt Yên, Bắc Ninh','office',0,'2026-06-09 13:27:33');
/*!40000 ALTER TABLE `user_addresses` ENABLE KEYS */;
UNLOCK TABLES;

--
-- Table structure for table `user_vouchers`
--

DROP TABLE IF EXISTS `user_vouchers`;
/*!40101 SET @saved_cs_client     = @@character_set_client */;
/*!50503 SET character_set_client = utf8mb4 */;
CREATE TABLE `user_vouchers` (
  `id` int(11) NOT NULL AUTO_INCREMENT,
  `user_id` int(11) NOT NULL,
  `voucher_id` int(11) NOT NULL,
  `is_used` tinyint(1) NOT NULL DEFAULT 0,
  `order_id` int(11) DEFAULT NULL,
  `saved_at` timestamp NOT NULL DEFAULT current_timestamp(),
  `used_at` timestamp NULL DEFAULT NULL,
  PRIMARY KEY (`id`),
  UNIQUE KEY `idx_user_voucher` (`user_id`,`voucher_id`),
  KEY `fk_uv_voucher` (`voucher_id`),
  CONSTRAINT `fk_uv_user` FOREIGN KEY (`user_id`) REFERENCES `users` (`id`) ON DELETE CASCADE,
  CONSTRAINT `fk_uv_voucher` FOREIGN KEY (`voucher_id`) REFERENCES `vouchers` (`id`) ON DELETE CASCADE
) ENGINE=InnoDB AUTO_INCREMENT=7 DEFAULT CHARSET=utf8mb4 COLLATE=utf8mb4_unicode_ci;
/*!40101 SET character_set_client = @saved_cs_client */;

--
-- Dumping data for table `user_vouchers`
--

LOCK TABLES `user_vouchers` WRITE;
/*!40000 ALTER TABLE `user_vouchers` DISABLE KEYS */;
INSERT INTO `user_vouchers` VALUES (1,1,1,0,NULL,'2026-06-04 03:28:12',NULL),(2,1,2,0,NULL,'2026-06-04 03:28:13',NULL),(3,1,3,0,NULL,'2026-06-04 03:28:14',NULL),(5,1,5,0,NULL,'2026-06-07 10:47:00',NULL),(6,1,6,0,NULL,'2026-06-07 19:51:21',NULL);
/*!40000 ALTER TABLE `user_vouchers` ENABLE KEYS */;
UNLOCK TABLES;

--
-- Table structure for table `users`
--

DROP TABLE IF EXISTS `users`;
/*!40101 SET @saved_cs_client     = @@character_set_client */;
/*!50503 SET character_set_client = utf8mb4 */;
CREATE TABLE `users` (
  `id` int(11) NOT NULL AUTO_INCREMENT,
  `username` varchar(50) NOT NULL,
  `email` varchar(255) DEFAULT NULL,
  `fullname` varchar(100) DEFAULT NULL,
  `phone` varchar(20) DEFAULT NULL,
  `avatar` varchar(500) DEFAULT NULL,
  `password` varchar(255) NOT NULL,
  `role` enum('admin','user') NOT NULL DEFAULT 'user',
  `created_at` timestamp NOT NULL DEFAULT current_timestamp(),
  `n_coin` decimal(15,2) DEFAULT 0.00,
  `gender` varchar(20) DEFAULT NULL,
  `dob` date DEFAULT NULL,
  PRIMARY KEY (`id`),
  UNIQUE KEY `username` (`username`),
  UNIQUE KEY `email` (`email`)
) ENGINE=InnoDB AUTO_INCREMENT=6 DEFAULT CHARSET=utf8mb4 COLLATE=utf8mb4_unicode_ci;
/*!40101 SET character_set_client = @saved_cs_client */;

--
-- Dumping data for table `users`
--

LOCK TABLES `users` WRITE;
/*!40000 ALTER TABLE `users` DISABLE KEYS */;
INSERT INTO `users` VALUES (1,'admin',NULL,'Anh Tòn','0977427155','/images/avatars/avatar_1_1780536921573.jpg','admin123','admin','2026-05-12 02:27:32',2055000.00,'Nam','2005-06-07'),(2,'user1',NULL,NULL,NULL,NULL,'user123','user','2026-05-12 02:27:32',0.00,NULL,NULL),(3,'dinopham2005@gmail.com','dinopham2005@gmail.com','Sam Pham','0983382967',NULL,'google_oauth_109116780003716849291','user','2026-05-19 02:55:16',0.00,'Nữ','2010-01-13'),(4,'ahihi','vipprokunz@gmail.com',NULL,NULL,NULL,'ahihidongoc','user','2026-06-03 15:06:06',0.00,NULL,NULL),(5,'yujirinasei@gmail.com',NULL,NULL,NULL,'https://lh3.googleusercontent.com/a/ACg8ocKpVzZGXykhM-AzVRv71QxZnVlejfgXry22HQ0GLVUTpdJxNR0=s96-c','google_oauth_112538053351092182719','user','2026-06-09 15:56:27',0.00,NULL,NULL);
/*!40000 ALTER TABLE `users` ENABLE KEYS */;
UNLOCK TABLES;

--
-- Table structure for table `vouchers`
--

DROP TABLE IF EXISTS `vouchers`;
/*!40101 SET @saved_cs_client     = @@character_set_client */;
/*!50503 SET character_set_client = utf8mb4 */;
CREATE TABLE `vouchers` (
  `id` int(11) NOT NULL AUTO_INCREMENT,
  `code` varchar(50) NOT NULL,
  `name` varchar(100) NOT NULL DEFAULT '',
  `description` text DEFAULT NULL,
  `category` enum('product','shipping') NOT NULL DEFAULT 'product',
  `discount_type` enum('percent','fixed') NOT NULL DEFAULT 'percent',
  `discount_value` bigint(20) NOT NULL,
  `min_order_value` bigint(20) NOT NULL DEFAULT 0,
  `start_date` datetime DEFAULT NULL,
  `max_discount` bigint(20) DEFAULT NULL,
  `usage_limit` int(11) NOT NULL DEFAULT 100,
  `limit_per_user` int(11) NOT NULL DEFAULT 1,
  `apply_scope` enum('all','category','exclude_outlet') NOT NULL DEFAULT 'all',
  `scope_value` varchar(255) DEFAULT NULL,
  `used_count` int(11) NOT NULL DEFAULT 0,
  `expires_at` datetime NOT NULL,
  `is_active` tinyint(1) NOT NULL DEFAULT 1,
  `created_at` timestamp NOT NULL DEFAULT current_timestamp(),
  PRIMARY KEY (`id`),
  UNIQUE KEY `code` (`code`)
) ENGINE=InnoDB AUTO_INCREMENT=7 DEFAULT CHARSET=utf8mb4 COLLATE=utf8mb4_unicode_ci;
/*!40101 SET character_set_client = @saved_cs_client */;

--
-- Dumping data for table `vouchers`
--

LOCK TABLES `vouchers` WRITE;
/*!40000 ALTER TABLE `vouchers` DISABLE KEYS */;
INSERT INTO `vouchers` VALUES (1,'SUMMER10','SUMMER10','Mã giảm giá ưu đãi dành cho khách hàng.','product','percent',10,1000000,NULL,10000,100,1,'all',NULL,0,'2026-12-31 00:00:00',1,'2026-06-04 03:17:22'),(2,'GIAM500K','GIAM500K','Mã giảm giá ưu đãi dành cho khách hàng.','product','fixed',500000,2000000,NULL,NULL,100,1,'all',NULL,0,'2026-12-31 00:00:00',1,'2026-06-04 03:17:22'),(3,'FREESHIP30K','Giảm 30000000vnd','Mã giảm giá ưu đãi dành cho khách hàng.','shipping','fixed',30000000,1,NULL,NULL,100,1,'all',NULL,0,'2026-12-31 00:00:00',1,'2026-06-04 03:25:09'),(5,'Free','Free','Mã giảm giá ưu đãi dành cho khách hàng.','product','fixed',100000,1000,NULL,NULL,100,1,'all',NULL,0,'2026-06-25 00:00:00',1,'2026-06-07 10:46:52'),(6,'TRUNGTHU26','Giảm 99% Giảm tối đa 500000vnd','Giành độc đắc','product','percent',99,1,'2026-06-08 00:00:00',500000,100,1,'all',NULL,0,'2026-06-12 00:00:00',1,'2026-06-07 19:50:37');
/*!40000 ALTER TABLE `vouchers` ENABLE KEYS */;
UNLOCK TABLES;

--
-- Dumping events for database 'nike_store'
--

--
-- Dumping routines for database 'nike_store'
--
--
-- WARNING: can't read the INFORMATION_SCHEMA.libraries table. It's most probably an old server 5.5.5-10.4.32-MariaDB.
--
/*!40103 SET TIME_ZONE=@OLD_TIME_ZONE */;

/*!40101 SET SQL_MODE=@OLD_SQL_MODE */;
/*!40014 SET FOREIGN_KEY_CHECKS=@OLD_FOREIGN_KEY_CHECKS */;
/*!40014 SET UNIQUE_CHECKS=@OLD_UNIQUE_CHECKS */;
/*!40101 SET CHARACTER_SET_CLIENT=@OLD_CHARACTER_SET_CLIENT */;
/*!40101 SET CHARACTER_SET_RESULTS=@OLD_CHARACTER_SET_RESULTS */;
/*!40101 SET COLLATION_CONNECTION=@OLD_COLLATION_CONNECTION */;
/*!40111 SET SQL_NOTES=@OLD_SQL_NOTES */;

-- Dump completed on 2026-06-11  2:19:34
